ht_id,gr_no,formclass_id,dating_from,dating_to,start_date,end_date,centroid,formclass_description
37514,G0280.050,1083,4. Dynastie,4. Dynastie,-2613,-2392,-2502.5,
45807,G0280.050,1083,4. Dynastie,4. Dynastie,-2613,-2392,-2502.5,
45851,G0280.050,1083,4. Dynastie,4. Dynastie,-2613,-2392,-2502.5,
9630,G0280.050,1083,Kakai Neferirkare I.,Kakai Neferirkare I.,-2415,-2405,-2410,
9648,G0280.050,1083,Kakai Neferirkare I.,Kakai Neferirkare I.,-2415,-2405,-2410,
9649,G0280.050,1083,Kakai Neferirkare I.,Kakai Neferirkare I.,-2415,-2405,-2410,
44458,G0280.050,1083,Asosi Djedkare,Asosi Djedkare,-2365,-2322,-2343.5,
44487,G0280.050,1083,Asosi Djedkare,Asosi Djedkare,-2365,-2322,-2343.5,
44488,G0280.050,1083,Asosi Djedkare,Asosi Djedkare,-2365,-2322,-2343.5,
44540,G0280.050,1083,Asosi Djedkare,Asosi Djedkare,-2365,-2322,-2343.5,
37709,G0280.050,1083,Ini Niuserre,Pepi II. Neferkare,-2402,-2153,-2277.5,
37846,G0280.050,1083,Ini Niuserre,Pepi II. Neferkare,-2402,-2153,-2277.5,
37896,G0280.050,1083,Ini Niuserre,Pepi II. Neferkare,-2402,-2153,-2277.5,
39170,G0280.050,1083,Ini Niuserre,Pepi II. Neferkare,-2402,-2153,-2277.5,
39299,G0280.050,1083,Ini Niuserre,Pepi II. Neferkare,-2402,-2153,-2277.5,
39696,G0280.050,1083,Ini Niuserre,Pepi II. Neferkare,-2402,-2153,-2277.5,
39697,G0280.050,1083,Ini Niuserre,Pepi II. Neferkare,-2402,-2153,-2277.5,
39698,G0280.050,1083,Ini Niuserre,Pepi II. Neferkare,-2402,-2153,-2277.5,
39699,G0280.050,1083,Ini Niuserre,Pepi II. Neferkare,-2402,-2153,-2277.5,
39700,G0280.050,1083,Ini Niuserre,Pepi II. Neferkare,-2402,-2153,-2277.5,
39701,G0280.050,1083,Ini Niuserre,Pepi II. Neferkare,-2402,-2153,-2277.5,
39781,G0280.050,1083,Ini Niuserre,Pepi II. Neferkare,-2402,-2153,-2277.5,
41914,G0280.050,1083,Ini Niuserre,Pepi II. Neferkare,-2402,-2153,-2277.5,
41918,G0280.050,1083,Ini Niuserre,Pepi II. Neferkare,-2402,-2153,-2277.5,
42117,G0280.050,1083,Ini Niuserre,Pepi II. Neferkare,-2402,-2153,-2277.5,
42118,G0280.050,1083,Ini Niuserre,Pepi II. Neferkare,-2402,-2153,-2277.5,
42119,G0280.050,1083,Ini Niuserre,Pepi II. Neferkare,-2402,-2153,-2277.5,
38911,G0280.025,1228,Ini Niuserre,Pepi II. Neferkare,-2402,-2153,-2277.5,Blocky owl drawing
38916,G0280.025,1228,Ini Niuserre,Pepi II. Neferkare,-2402,-2153,-2277.5,
39288,G0280.075,1229,Ini Niuserre,Pepi II. Neferkare,-2402,-2153,-2277.5,
39289,G0280.075,1229,Ini Niuserre,Pepi II. Neferkare,-2402,-2153,-2277.5,
9599,G0280.050,1083,6. Dynastie,6. Dynastie,-2345,-2181,-2263,
9609,G0280.050,1083,6. Dynastie,6. Dynastie,-2345,-2181,-2263,
9613,G0280.050,1083,6. Dynastie,6. Dynastie,-2345,-2181,-2263,
9614,G0280.050,1083,6. Dynastie,6. Dynastie,-2345,-2181,-2263,
30722,G0280.050,1083,6. Dynastie,6. Dynastie,-2345,-2181,-2263,
30723,G0280.050,1083,6. Dynastie,6. Dynastie,-2345,-2181,-2263,
30724,G0280.050,1083,6. Dynastie,6. Dynastie,-2345,-2181,-2263,
30725,G0280.050,1083,6. Dynastie,6. Dynastie,-2345,-2181,-2263,
30726,G0280.050,1083,6. Dynastie,6. Dynastie,-2345,-2181,-2263,
30727,G0280.050,1083,6. Dynastie,6. Dynastie,-2345,-2181,-2263,
34702,G0280.050,1083,6. Dynastie,6. Dynastie,-2345,-2181,-2263,
34703,G0280.050,1083,6. Dynastie,6. Dynastie,-2345,-2181,-2263,
34704,G0280.050,1083,6. Dynastie,6. Dynastie,-2345,-2181,-2263,
34705,G0280.050,1083,6. Dynastie,6. Dynastie,-2345,-2181,-2263,
34706,G0280.050,1083,6. Dynastie,6. Dynastie,-2345,-2181,-2263,
38148,G0280.050,1083,6. Dynastie,6. Dynastie,-2345,-2181,-2263,
38159,G0280.050,1083,6. Dynastie,6. Dynastie,-2345,-2181,-2263,
38160,G0280.050,1083,6. Dynastie,6. Dynastie,-2345,-2181,-2263,
38161,G0280.050,1083,6. Dynastie,6. Dynastie,-2345,-2181,-2263,
38172,G0280.050,1083,6. Dynastie,6. Dynastie,-2345,-2181,-2263,
38173,G0280.050,1083,6. Dynastie,6. Dynastie,-2345,-2181,-2263,
38188,G0280.050,1083,6. Dynastie,6. Dynastie,-2345,-2181,-2263,
38235,G0280.050,1083,6. Dynastie,6. Dynastie,-2345,-2181,-2263,
39484,G0280.050,1083,6. Dynastie,6. Dynastie,-2345,-2181,-2263,
39485,G0280.050,1083,6. Dynastie,6. Dynastie,-2345,-2181,-2263,
39486,G0280.050,1083,6. Dynastie,6. Dynastie,-2345,-2181,-2263,
42186,G0280.050,1083,6. Dynastie,6. Dynastie,-2345,-2181,-2263,
44631,G0280.050,1083,6. Dynastie,6. Dynastie,-2345,-2181,-2263,
47700,G0280.050,1083,6. Dynastie,6. Dynastie,-2345,-2181,-2263,
47701,G0280.050,1083,6. Dynastie,6. Dynastie,-2345,-2181,-2263,
39199,G0280.075,1229,6. Dynastie,6. Dynastie,-2345,-2181,-2263,
39487,G0280.075,1229,6. Dynastie,6. Dynastie,-2345,-2181,-2263,
49705,G0280.075,1229,6. Dynastie,6. Dynastie,-2345,-2181,-2263,
9438,G0280.050,1083,Nehri I. (Nomarch),Nehri I. (Nomarch),-2160,-2040,-2100,
32424,G0280.050,1083,9. und 10. Dynastie (Herakleopolis),9. und 10. Dynastie (Herakleopolis),-2160,-2040,-2100,
32425,G0280.050,1083,9. und 10. Dynastie (Herakleopolis),9. und 10. Dynastie (Herakleopolis),-2160,-2040,-2100,
32426,G0280.050,1083,9. und 10. Dynastie (Herakleopolis),9. und 10. Dynastie (Herakleopolis),-2160,-2040,-2100,
32427,G0280.050,1083,9. und 10. Dynastie (Herakleopolis),9. und 10. Dynastie (Herakleopolis),-2160,-2040,-2100,
32428,G0280.050,1083,9. und 10. Dynastie (Herakleopolis),9. und 10. Dynastie (Herakleopolis),-2160,-2040,-2100,
32429,G0280.050,1083,9. und 10. Dynastie (Herakleopolis),9. und 10. Dynastie (Herakleopolis),-2160,-2040,-2100,
32430,G0280.050,1083,9. und 10. Dynastie (Herakleopolis),9. und 10. Dynastie (Herakleopolis),-2160,-2040,-2100,
32431,G0280.050,1083,9. und 10. Dynastie (Herakleopolis),9. und 10. Dynastie (Herakleopolis),-2160,-2040,-2100,
32432,G0280.050,1083,9. und 10. Dynastie (Herakleopolis),9. und 10. Dynastie (Herakleopolis),-2160,-2040,-2100,
44308,G0280.050,1083,9. und 10. Dynastie (Herakleopolis),11. Dynastie (vor der Reichseinigung),-2160,-1991,-2075.5,
44396,G0280.050,1083,9. und 10. Dynastie (Herakleopolis),11. Dynastie (vor der Reichseinigung),-2160,-1991,-2075.5,
47626,G0280.050,1083,9. und 10. Dynastie (Herakleopolis),11. Dynastie (vor der Reichseinigung),-2160,-1991,-2075.5,
17798,G0280.050,1083,Mentuhotep II. Nebhepetre (Gesamtzeitraum),Mentuhotep II. Nebhepetre (Gesamtzeitraum),-2009,-1959,-1984,
38211,G0280.050,1083,Mentuhotep II. Nebhepetre (Gesamtzeitraum),Mentuhotep II. Nebhepetre (Gesamtzeitraum),-2009,-1959,-1984,
40826,G0280.050,1083,Mentuhotep II. Nebhepetre (Gesamtzeitraum),Mentuhotep II. Nebhepetre (Gesamtzeitraum),-2009,-1959,-1984,
40827,G0280.050,1083,Mentuhotep II. Nebhepetre (Gesamtzeitraum),Mentuhotep II. Nebhepetre (Gesamtzeitraum),-2009,-1959,-1984,
40825,G0280.025,1228,Mentuhotep II. Nebhepetre (Gesamtzeitraum),Mentuhotep II. Nebhepetre (Gesamtzeitraum),-2009,-1959,-1984,
17293,G0280.050,1083,Mentuhotep II. Nebhepetre (Gesamtzeitraum),Mentuhotep IV. Nebtawire,-2009,-1940,-1974.5,
17297,G0280.050,1083,Mentuhotep II. Nebhepetre (Gesamtzeitraum),Mentuhotep IV. Nebtawire,-2009,-1940,-1974.5,
17301,G0280.050,1083,Mentuhotep II. Nebhepetre (Gesamtzeitraum),Mentuhotep IV. Nebtawire,-2009,-1940,-1974.5,
17313,G0280.050,1083,Mentuhotep II. Nebhepetre (Gesamtzeitraum),Mentuhotep IV. Nebtawire,-2009,-1940,-1974.5,
17374,G0280.050,1083,Mentuhotep II. Nebhepetre (Gesamtzeitraum),Mentuhotep IV. Nebtawire,-2009,-1940,-1974.5,
17375,G0280.050,1083,Mentuhotep II. Nebhepetre (Gesamtzeitraum),Mentuhotep IV. Nebtawire,-2009,-1940,-1974.5,
17376,G0280.050,1083,Mentuhotep II. Nebhepetre (Gesamtzeitraum),Mentuhotep IV. Nebtawire,-2009,-1940,-1974.5,
19186,G0280.050,1083,Mentuhotep II. Nebhepetre (Gesamtzeitraum),Mentuhotep IV. Nebtawire,-2009,-1940,-1974.5,
19291,G0280.050,1083,Mentuhotep II. Nebhepetre (Gesamtzeitraum),Mentuhotep IV. Nebtawire,-2009,-1940,-1974.5,
30013,G0280.050,1083,Mentuhotep II. Nebhepetre (Gesamtzeitraum),Mentuhotep IV. Nebtawire,-2009,-1940,-1974.5,
30014,G0280.050,1083,Mentuhotep II. Nebhepetre (Gesamtzeitraum),Mentuhotep IV. Nebtawire,-2009,-1940,-1974.5,
17315,G0280.025,1228,Mentuhotep II. Nebhepetre (Gesamtzeitraum),Mentuhotep IV. Nebtawire,-2009,-1940,-1974.5,
37729,G0280.050,1083,Mentuhotep II. Nebhepetre (Gesamtzeitraum),Amenemhet I. Sehetepibre,-2009,-1910,-1959.5,
26183,G0280.025,1228,Mentuhotep II. Nebhepetre (Gesamtzeitraum),Amenemhet I. Sehetepibre,-2009,-1910,-1959.5,
26184,G0280.025,1228,Mentuhotep II. Nebhepetre (Gesamtzeitraum),Amenemhet I. Sehetepibre,-2009,-1910,-1959.5,
26185,G0280.025,1228,Mentuhotep II. Nebhepetre (Gesamtzeitraum),Amenemhet I. Sehetepibre,-2009,-1910,-1959.5,
37553,G0280.025,1228,Mentuhotep II. Nebhepetre (Gesamtzeitraum),Amenemhet I. Sehetepibre,-2009,-1910,-1959.5,
37819,G0280.025,1228,Mentuhotep II. Nebhepetre (Gesamtzeitraum),Amenemhet I. Sehetepibre,-2009,-1910,-1959.5,
37820,G0280.025,1228,Mentuhotep II. Nebhepetre (Gesamtzeitraum),Amenemhet I. Sehetepibre,-2009,-1910,-1959.5,
23399,G0280.050,1083,Mentuhotep IV. Nebtawire,Amenemhet I. Sehetepibre,-1947,-1910,-1928.5,
23400,G0280.050,1083,Mentuhotep IV. Nebtawire,Amenemhet I. Sehetepibre,-1947,-1910,-1928.5,
23401,G0280.050,1083,Mentuhotep IV. Nebtawire,Amenemhet I. Sehetepibre,-1947,-1910,-1928.5,
2572,G0280.050,1083,Sesostris I. Cheperkare,Sesostris I. Cheperkare,-1920,-1875,-1897.5,
2573,G0280.050,1083,Sesostris I. Cheperkare,Sesostris I. Cheperkare,-1920,-1875,-1897.5,
2574,G0280.050,1083,Sesostris I. Cheperkare,Sesostris I. Cheperkare,-1920,-1875,-1897.5,
2626,G0280.050,1083,Sesostris I. Cheperkare,Sesostris I. Cheperkare,-1920,-1875,-1897.5,
2627,G0280.050,1083,Sesostris I. Cheperkare,Sesostris I. Cheperkare,-1920,-1875,-1897.5,
2722,G0280.050,1083,Sesostris I. Cheperkare,Sesostris I. Cheperkare,-1920,-1875,-1897.5,
2723,G0280.050,1083,Sesostris I. Cheperkare,Sesostris I. Cheperkare,-1920,-1875,-1897.5,
2758,G0280.050,1083,Sesostris I. Cheperkare,Sesostris I. Cheperkare,-1920,-1875,-1897.5,
2759,G0280.050,1083,Sesostris I. Cheperkare,Sesostris I. Cheperkare,-1920,-1875,-1897.5,
2799,G0280.050,1083,Sesostris I. Cheperkare,Sesostris I. Cheperkare,-1920,-1875,-1897.5,
2834,G0280.050,1083,Sesostris I. Cheperkare,Sesostris I. Cheperkare,-1920,-1875,-1897.5,
2835,G0280.050,1083,Sesostris I. Cheperkare,Sesostris I. Cheperkare,-1920,-1875,-1897.5,
2836,G0280.050,1083,Sesostris I. Cheperkare,Sesostris I. Cheperkare,-1920,-1875,-1897.5,
2837,G0280.050,1083,Sesostris I. Cheperkare,Sesostris I. Cheperkare,-1920,-1875,-1897.5,
2880,G0280.050,1083,Sesostris I. Cheperkare,Sesostris I. Cheperkare,-1920,-1875,-1897.5,
2881,G0280.050,1083,Sesostris I. Cheperkare,Sesostris I. Cheperkare,-1920,-1875,-1897.5,
2922,G0280.050,1083,Sesostris I. Cheperkare,Sesostris I. Cheperkare,-1920,-1875,-1897.5,
2923,G0280.050,1083,Sesostris I. Cheperkare,Sesostris I. Cheperkare,-1920,-1875,-1897.5,
2924,G0280.050,1083,Sesostris I. Cheperkare,Sesostris I. Cheperkare,-1920,-1875,-1897.5,
3033,G0280.050,1083,Sesostris I. Cheperkare,Sesostris I. Cheperkare,-1920,-1875,-1897.5,
3034,G0280.050,1083,Sesostris I. Cheperkare,Sesostris I. Cheperkare,-1920,-1875,-1897.5,
3074,G0280.050,1083,Sesostris I. Cheperkare,Sesostris I. Cheperkare,-1920,-1875,-1897.5,
3075,G0280.050,1083,Sesostris I. Cheperkare,Sesostris I. Cheperkare,-1920,-1875,-1897.5,
3076,G0280.050,1083,Sesostris I. Cheperkare,Sesostris I. Cheperkare,-1920,-1875,-1897.5,
3106,G0280.050,1083,Sesostris I. Cheperkare,Sesostris I. Cheperkare,-1920,-1875,-1897.5,
3116,G0280.050,1083,Sesostris I. Cheperkare,Sesostris I. Cheperkare,-1920,-1875,-1897.5,
3117,G0280.050,1083,Sesostris I. Cheperkare,Sesostris I. Cheperkare,-1920,-1875,-1897.5,
3118,G0280.050,1083,Sesostris I. Cheperkare,Sesostris I. Cheperkare,-1920,-1875,-1897.5,
3119,G0280.050,1083,Sesostris I. Cheperkare,Sesostris I. Cheperkare,-1920,-1875,-1897.5,
3120,G0280.050,1083,Sesostris I. Cheperkare,Sesostris I. Cheperkare,-1920,-1875,-1897.5,
3158,G0280.050,1083,Sesostris I. Cheperkare,Sesostris I. Cheperkare,-1920,-1875,-1897.5,
3159,G0280.050,1083,Sesostris I. Cheperkare,Sesostris I. Cheperkare,-1920,-1875,-1897.5,
3160,G0280.050,1083,Sesostris I. Cheperkare,Sesostris I. Cheperkare,-1920,-1875,-1897.5,
3198,G0280.050,1083,Sesostris I. Cheperkare,Sesostris I. Cheperkare,-1920,-1875,-1897.5,
3391,G0280.050,1083,Sesostris I. Cheperkare,Sesostris I. Cheperkare,-1920,-1875,-1897.5,
3392,G0280.050,1083,Sesostris I. Cheperkare,Sesostris I. Cheperkare,-1920,-1875,-1897.5,
3393,G0280.050,1083,Sesostris I. Cheperkare,Sesostris I. Cheperkare,-1920,-1875,-1897.5,
3451,G0280.050,1083,Sesostris I. Cheperkare,Sesostris I. Cheperkare,-1920,-1875,-1897.5,
3452,G0280.050,1083,Sesostris I. Cheperkare,Sesostris I. Cheperkare,-1920,-1875,-1897.5,
3453,G0280.050,1083,Sesostris I. Cheperkare,Sesostris I. Cheperkare,-1920,-1875,-1897.5,
3535,G0280.050,1083,Sesostris I. Cheperkare,Sesostris I. Cheperkare,-1920,-1875,-1897.5,
3536,G0280.050,1083,Sesostris I. Cheperkare,Sesostris I. Cheperkare,-1920,-1875,-1897.5,
3652,G0280.050,1083,Sesostris I. Cheperkare,Sesostris I. Cheperkare,-1920,-1875,-1897.5,
3653,G0280.050,1083,Sesostris I. Cheperkare,Sesostris I. Cheperkare,-1920,-1875,-1897.5,
3739,G0280.050,1083,Sesostris I. Cheperkare,Sesostris I. Cheperkare,-1920,-1875,-1897.5,
3740,G0280.050,1083,Sesostris I. Cheperkare,Sesostris I. Cheperkare,-1920,-1875,-1897.5,
3790,G0280.050,1083,Sesostris I. Cheperkare,Sesostris I. Cheperkare,-1920,-1875,-1897.5,
3791,G0280.050,1083,Sesostris I. Cheperkare,Sesostris I. Cheperkare,-1920,-1875,-1897.5,
3830,G0280.050,1083,Sesostris I. Cheperkare,Sesostris I. Cheperkare,-1920,-1875,-1897.5,
3831,G0280.050,1083,Sesostris I. Cheperkare,Sesostris I. Cheperkare,-1920,-1875,-1897.5,
3832,G0280.050,1083,Sesostris I. Cheperkare,Sesostris I. Cheperkare,-1920,-1875,-1897.5,
3833,G0280.050,1083,Sesostris I. Cheperkare,Sesostris I. Cheperkare,-1920,-1875,-1897.5,
3834,G0280.050,1083,Sesostris I. Cheperkare,Sesostris I. Cheperkare,-1920,-1875,-1897.5,
3892,G0280.050,1083,Sesostris I. Cheperkare,Sesostris I. Cheperkare,-1920,-1875,-1897.5,
3968,G0280.050,1083,Sesostris I. Cheperkare,Sesostris I. Cheperkare,-1920,-1875,-1897.5,
4018,G0280.050,1083,Sesostris I. Cheperkare,Sesostris I. Cheperkare,-1920,-1875,-1897.5,
4019,G0280.050,1083,Sesostris I. Cheperkare,Sesostris I. Cheperkare,-1920,-1875,-1897.5,
4065,G0280.050,1083,Sesostris I. Cheperkare,Sesostris I. Cheperkare,-1920,-1875,-1897.5,
4066,G0280.050,1083,Sesostris I. Cheperkare,Sesostris I. Cheperkare,-1920,-1875,-1897.5,
4067,G0280.050,1083,Sesostris I. Cheperkare,Sesostris I. Cheperkare,-1920,-1875,-1897.5,
4068,G0280.050,1083,Sesostris I. Cheperkare,Sesostris I. Cheperkare,-1920,-1875,-1897.5,
4101,G0280.050,1083,Sesostris I. Cheperkare,Sesostris I. Cheperkare,-1920,-1875,-1897.5,
4109,G0280.050,1083,Sesostris I. Cheperkare,Sesostris I. Cheperkare,-1920,-1875,-1897.5,
4127,G0280.050,1083,Sesostris I. Cheperkare,Sesostris I. Cheperkare,-1920,-1875,-1897.5,
4152,G0280.050,1083,Sesostris I. Cheperkare,Sesostris I. Cheperkare,-1920,-1875,-1897.5,
4194,G0280.050,1083,Sesostris I. Cheperkare,Sesostris I. Cheperkare,-1920,-1875,-1897.5,
4195,G0280.050,1083,Sesostris I. Cheperkare,Sesostris I. Cheperkare,-1920,-1875,-1897.5,
4238,G0280.050,1083,Sesostris I. Cheperkare,Sesostris I. Cheperkare,-1920,-1875,-1897.5,
4284,G0280.050,1083,Sesostris I. Cheperkare,Sesostris I. Cheperkare,-1920,-1875,-1897.5,
4328,G0280.050,1083,Sesostris I. Cheperkare,Sesostris I. Cheperkare,-1920,-1875,-1897.5,
4397,G0280.050,1083,Sesostris I. Cheperkare,Sesostris I. Cheperkare,-1920,-1875,-1897.5,
4398,G0280.050,1083,Sesostris I. Cheperkare,Sesostris I. Cheperkare,-1920,-1875,-1897.5,
4427,G0280.050,1083,Sesostris I. Cheperkare,Sesostris I. Cheperkare,-1920,-1875,-1897.5,
4448,G0280.050,1083,Sesostris I. Cheperkare,Sesostris I. Cheperkare,-1920,-1875,-1897.5,
4491,G0280.050,1083,Sesostris I. Cheperkare,Sesostris I. Cheperkare,-1920,-1875,-1897.5,
4492,G0280.050,1083,Sesostris I. Cheperkare,Sesostris I. Cheperkare,-1920,-1875,-1897.5,
4545,G0280.050,1083,Sesostris I. Cheperkare,Sesostris I. Cheperkare,-1920,-1875,-1897.5,
4577,G0280.050,1083,Sesostris I. Cheperkare,Sesostris I. Cheperkare,-1920,-1875,-1897.5,
4578,G0280.050,1083,Sesostris I. Cheperkare,Sesostris I. Cheperkare,-1920,-1875,-1897.5,
4579,G0280.050,1083,Sesostris I. Cheperkare,Sesostris I. Cheperkare,-1920,-1875,-1897.5,
4608,G0280.050,1083,Sesostris I. Cheperkare,Sesostris I. Cheperkare,-1920,-1875,-1897.5,
4609,G0280.050,1083,Sesostris I. Cheperkare,Sesostris I. Cheperkare,-1920,-1875,-1897.5,
4610,G0280.050,1083,Sesostris I. Cheperkare,Sesostris I. Cheperkare,-1920,-1875,-1897.5,
4639,G0280.050,1083,Sesostris I. Cheperkare,Sesostris I. Cheperkare,-1920,-1875,-1897.5,
4672,G0280.050,1083,Sesostris I. Cheperkare,Sesostris I. Cheperkare,-1920,-1875,-1897.5,
4673,G0280.050,1083,Sesostris I. Cheperkare,Sesostris I. Cheperkare,-1920,-1875,-1897.5,
4674,G0280.050,1083,Sesostris I. Cheperkare,Sesostris I. Cheperkare,-1920,-1875,-1897.5,
4715,G0280.050,1083,Sesostris I. Cheperkare,Sesostris I. Cheperkare,-1920,-1875,-1897.5,
4874,G0280.050,1083,Sesostris I. Cheperkare,Sesostris I. Cheperkare,-1920,-1875,-1897.5,
4875,G0280.050,1083,Sesostris I. Cheperkare,Sesostris I. Cheperkare,-1920,-1875,-1897.5,
4876,G0280.050,1083,Sesostris I. Cheperkare,Sesostris I. Cheperkare,-1920,-1875,-1897.5,
4877,G0280.050,1083,Sesostris I. Cheperkare,Sesostris I. Cheperkare,-1920,-1875,-1897.5,
4942,G0280.050,1083,Sesostris I. Cheperkare,Sesostris I. Cheperkare,-1920,-1875,-1897.5,
4949,G0280.050,1083,Sesostris I. Cheperkare,Sesostris I. Cheperkare,-1920,-1875,-1897.5,
4956,G0280.050,1083,Sesostris I. Cheperkare,Sesostris I. Cheperkare,-1920,-1875,-1897.5,
35337,G0280.050,1083,Sesostris I. Cheperkare,Sesostris I. Cheperkare,-1920,-1875,-1897.5,
35340,G0280.050,1083,Sesostris I. Cheperkare,Sesostris I. Cheperkare,-1920,-1875,-1897.5,
35341,G0280.050,1083,Sesostris I. Cheperkare,Sesostris I. Cheperkare,-1920,-1875,-1897.5,
35342,G0280.050,1083,Sesostris I. Cheperkare,Sesostris I. Cheperkare,-1920,-1875,-1897.5,
35343,G0280.050,1083,Sesostris I. Cheperkare,Sesostris I. Cheperkare,-1920,-1875,-1897.5,
35344,G0280.050,1083,Sesostris I. Cheperkare,Sesostris I. Cheperkare,-1920,-1875,-1897.5,
35345,G0280.050,1083,Sesostris I. Cheperkare,Sesostris I. Cheperkare,-1920,-1875,-1897.5,
35346,G0280.050,1083,Sesostris I. Cheperkare,Sesostris I. Cheperkare,-1920,-1875,-1897.5,
35347,G0280.050,1083,Sesostris I. Cheperkare,Sesostris I. Cheperkare,-1920,-1875,-1897.5,
35348,G0280.050,1083,Sesostris I. Cheperkare,Sesostris I. Cheperkare,-1920,-1875,-1897.5,
35349,G0280.050,1083,Sesostris I. Cheperkare,Sesostris I. Cheperkare,-1920,-1875,-1897.5,
35350,G0280.050,1083,Sesostris I. Cheperkare,Sesostris I. Cheperkare,-1920,-1875,-1897.5,
35351,G0280.050,1083,Sesostris I. Cheperkare,Sesostris I. Cheperkare,-1920,-1875,-1897.5,
35352,G0280.050,1083,Sesostris I. Cheperkare,Sesostris I. Cheperkare,-1920,-1875,-1897.5,
35353,G0280.050,1083,Sesostris I. Cheperkare,Sesostris I. Cheperkare,-1920,-1875,-1897.5,
35354,G0280.050,1083,Sesostris I. Cheperkare,Sesostris I. Cheperkare,-1920,-1875,-1897.5,
35371,G0280.050,1083,Sesostris I. Cheperkare,Sesostris I. Cheperkare,-1920,-1875,-1897.5,
35372,G0280.050,1083,Sesostris I. Cheperkare,Sesostris I. Cheperkare,-1920,-1875,-1897.5,
35373,G0280.050,1083,Sesostris I. Cheperkare,Sesostris I. Cheperkare,-1920,-1875,-1897.5,
35374,G0280.050,1083,Sesostris I. Cheperkare,Sesostris I. Cheperkare,-1920,-1875,-1897.5,
35375,G0280.050,1083,Sesostris I. Cheperkare,Sesostris I. Cheperkare,-1920,-1875,-1897.5,
35376,G0280.050,1083,Sesostris I. Cheperkare,Sesostris I. Cheperkare,-1920,-1875,-1897.5,
35377,G0280.050,1083,Sesostris I. Cheperkare,Sesostris I. Cheperkare,-1920,-1875,-1897.5,
35378,G0280.050,1083,Sesostris I. Cheperkare,Sesostris I. Cheperkare,-1920,-1875,-1897.5,
35380,G0280.050,1083,Sesostris I. Cheperkare,Sesostris I. Cheperkare,-1920,-1875,-1897.5,
35381,G0280.050,1083,Sesostris I. Cheperkare,Sesostris I. Cheperkare,-1920,-1875,-1897.5,
35382,G0280.050,1083,Sesostris I. Cheperkare,Sesostris I. Cheperkare,-1920,-1875,-1897.5,
35383,G0280.050,1083,Sesostris I. Cheperkare,Sesostris I. Cheperkare,-1920,-1875,-1897.5,
35384,G0280.050,1083,Sesostris I. Cheperkare,Sesostris I. Cheperkare,-1920,-1875,-1897.5,
35385,G0280.050,1083,Sesostris I. Cheperkare,Sesostris I. Cheperkare,-1920,-1875,-1897.5,
35386,G0280.050,1083,Sesostris I. Cheperkare,Sesostris I. Cheperkare,-1920,-1875,-1897.5,
35471,G0280.050,1083,Sesostris I. Cheperkare,Sesostris I. Cheperkare,-1920,-1875,-1897.5,
35926,G0280.050,1083,Sesostris I. Cheperkare,Sesostris I. Cheperkare,-1920,-1875,-1897.5,
35927,G0280.050,1083,Sesostris I. Cheperkare,Sesostris I. Cheperkare,-1920,-1875,-1897.5,
35928,G0280.050,1083,Sesostris I. Cheperkare,Sesostris I. Cheperkare,-1920,-1875,-1897.5,
35929,G0280.050,1083,Sesostris I. Cheperkare,Sesostris I. Cheperkare,-1920,-1875,-1897.5,
49858,G0280.050,1083,Sesostris I. Cheperkare,Sesostris I. Cheperkare,-1920,-1875,-1897.5,
49859,G0280.050,1083,Sesostris I. Cheperkare,Sesostris I. Cheperkare,-1920,-1875,-1897.5,
49860,G0280.050,1083,Sesostris I. Cheperkare,Sesostris I. Cheperkare,-1920,-1875,-1897.5,
49861,G0280.050,1083,Sesostris I. Cheperkare,Sesostris I. Cheperkare,-1920,-1875,-1897.5,
49862,G0280.050,1083,Sesostris I. Cheperkare,Sesostris I. Cheperkare,-1920,-1875,-1897.5,
49863,G0280.050,1083,Sesostris I. Cheperkare,Sesostris I. Cheperkare,-1920,-1875,-1897.5,
2760,G0280.100,1084,Sesostris I. Cheperkare,Sesostris I. Cheperkare,-1920,-1875,-1897.5,
2882,G0280.100,1084,Sesostris I. Cheperkare,Sesostris I. Cheperkare,-1920,-1875,-1897.5,
3077,G0280.100,1084,Sesostris I. Cheperkare,Sesostris I. Cheperkare,-1920,-1875,-1897.5,
3078,G0280.100,1084,Sesostris I. Cheperkare,Sesostris I. Cheperkare,-1920,-1875,-1897.5,
3199,G0280.100,1084,Sesostris I. Cheperkare,Sesostris I. Cheperkare,-1920,-1875,-1897.5,
3669,G0280.100,1084,Sesostris I. Cheperkare,Sesostris I. Cheperkare,-1920,-1875,-1897.5,
3741,G0280.100,1084,Sesostris I. Cheperkare,Sesostris I. Cheperkare,-1920,-1875,-1897.5,
3792,G0280.100,1084,Sesostris I. Cheperkare,Sesostris I. Cheperkare,-1920,-1875,-1897.5,
4428,G0280.100,1084,Sesostris I. Cheperkare,Sesostris I. Cheperkare,-1920,-1875,-1897.5,
4449,G0280.100,1084,Sesostris I. Cheperkare,Sesostris I. Cheperkare,-1920,-1875,-1897.5,
4611,G0280.100,1084,Sesostris I. Cheperkare,Sesostris I. Cheperkare,-1920,-1875,-1897.5,
4717,G0280.100,1084,Sesostris I. Cheperkare,Sesostris I. Cheperkare,-1920,-1875,-1897.5,
35387,G0280.100,1084,Sesostris I. Cheperkare,Sesostris I. Cheperkare,-1920,-1875,-1897.5,
35946,G0280.100,1084,Sesostris I. Cheperkare,Sesostris I. Cheperkare,-1920,-1875,-1897.5,
9352,G0280.050,1083,12. Dynastie,12. Dynastie,-1991,-1802,-1896.5,
9378,G0280.050,1083,12. Dynastie,12. Dynastie,-1991,-1802,-1896.5,
9379,G0280.050,1083,12. Dynastie,12. Dynastie,-1991,-1802,-1896.5,
9408,G0280.050,1083,12. Dynastie,12. Dynastie,-1991,-1802,-1896.5,
40344,G0280.050,1083,12. Dynastie,12. Dynastie,-1991,-1802,-1896.5,
40443,G0280.050,1083,12. Dynastie,12. Dynastie,-1991,-1802,-1896.5,
40449,G0280.050,1083,12. Dynastie,12. Dynastie,-1991,-1802,-1896.5,
40626,G0280.050,1083,12. Dynastie,12. Dynastie,-1991,-1802,-1896.5,
40627,G0280.050,1083,12. Dynastie,12. Dynastie,-1991,-1802,-1896.5,
40690,G0280.050,1083,12. Dynastie,12. Dynastie,-1991,-1802,-1896.5,
40711,G0280.050,1083,12. Dynastie,12. Dynastie,-1991,-1802,-1896.5,
40712,G0280.050,1083,12. Dynastie,12. Dynastie,-1991,-1802,-1896.5,
40937,G0280.050,1083,12. Dynastie,12. Dynastie,-1991,-1802,-1896.5,
40938,G0280.050,1083,12. Dynastie,12. Dynastie,-1991,-1802,-1896.5,
40958,G0280.050,1083,12. Dynastie,12. Dynastie,-1991,-1802,-1896.5,
40969,G0280.050,1083,12. Dynastie,12. Dynastie,-1991,-1802,-1896.5,
41071,G0280.050,1083,12. Dynastie,12. Dynastie,-1991,-1802,-1896.5,
41195,G0280.050,1083,12. Dynastie,12. Dynastie,-1991,-1802,-1896.5,
41196,G0280.050,1083,12. Dynastie,12. Dynastie,-1991,-1802,-1896.5,
41355,G0280.050,1083,12. Dynastie,12. Dynastie,-1991,-1802,-1896.5,
41614,G0280.050,1083,12. Dynastie,12. Dynastie,-1991,-1802,-1896.5,
41615,G0280.050,1083,12. Dynastie,12. Dynastie,-1991,-1802,-1896.5,
9351,G0280.100,1084,12. Dynastie,12. Dynastie,-1991,-1802,-1896.5,
9376,G0280.100,1084,12. Dynastie,12. Dynastie,-1991,-1802,-1896.5,
9377,G0280.100,1084,12. Dynastie,12. Dynastie,-1991,-1802,-1896.5,
9401,G0280.100,1084,12. Dynastie,12. Dynastie,-1991,-1802,-1896.5,
40357,G0280.100,1084,12. Dynastie,12. Dynastie,-1991,-1802,-1896.5,
40377,G0280.100,1084,12. Dynastie,12. Dynastie,-1991,-1802,-1896.5,
40636,G0280.100,1084,12. Dynastie,12. Dynastie,-1991,-1802,-1896.5,
40736,G0280.100,1084,12. Dynastie,12. Dynastie,-1991,-1802,-1896.5,
40737,G0280.100,1084,12. Dynastie,12. Dynastie,-1991,-1802,-1896.5,
40738,G0280.100,1084,12. Dynastie,12. Dynastie,-1991,-1802,-1896.5,
40796,G0280.100,1084,12. Dynastie,12. Dynastie,-1991,-1802,-1896.5,
41354,G0280.100,1084,12. Dynastie,12. Dynastie,-1991,-1802,-1896.5,
41513,G0280.100,1084,12. Dynastie,12. Dynastie,-1991,-1802,-1896.5,
41548,G0280.100,1084,12. Dynastie,12. Dynastie,-1991,-1802,-1896.5,
41549,G0280.100,1084,12. Dynastie,12. Dynastie,-1991,-1802,-1896.5,
41623,G0280.100,1084,12. Dynastie,12. Dynastie,-1991,-1802,-1896.5,
41624,G0280.075,1229,12. Dynastie,12. Dynastie,-1991,-1802,-1896.5,
17680,G0280.050,1083,Amenemhet I. Sehetepibre,Amenemhet II. Nubkaure,-1939,-1843,-1891,
17681,G0280.050,1083,Amenemhet I. Sehetepibre,Amenemhet II. Nubkaure,-1939,-1843,-1891,
17776,G0280.050,1083,Mittleres Reich,Mittleres Reich,-2130,-1649,-1889.5,
27867,G0280.050,1083,Sesostris II. Chacheperre,Sesostris III. Chakaure,-1845,-1819,-1832,
35104,G0280.050,1083,Sesostris II. Chacheperre,Sesostris III. Chakaure,-1845,-1819,-1832,
35105,G0280.050,1083,Sesostris II. Chacheperre,Sesostris III. Chakaure,-1845,-1819,-1832,
35108,G0280.050,1083,Sesostris II. Chacheperre,Sesostris III. Chakaure,-1845,-1819,-1832,
22037,G0280.100,1084,Sesostris II. Chacheperre,Sesostris III. Chakaure,-1845,-1819,-1832,
22648,G0280.100,1084,Sesostris II. Chacheperre,Sesostris III. Chakaure,-1845,-1819,-1832,
17743,G0280.050,1083,12. Dynastie,13. Dynastie,-1991,-1649,-1820,
17744,G0280.050,1083,12. Dynastie,13. Dynastie,-1991,-1649,-1820,
17745,G0280.050,1083,12. Dynastie,13. Dynastie,-1991,-1649,-1820,
17746,G0280.050,1083,12. Dynastie,13. Dynastie,-1991,-1649,-1820,
46612,G0280.050,1083,12. Dynastie,13. Dynastie,-1991,-1649,-1820,
17712,G0280.050,1083,Amenemhet III. Nimaatre,13. Dynastie,-1818,-1649,-1733.5,
17713,G0280.050,1083,Amenemhet III. Nimaatre,13. Dynastie,-1818,-1649,-1733.5,
17714,G0280.050,1083,Amenemhet III. Nimaatre,13. Dynastie,-1818,-1649,-1733.5,
17715,G0280.050,1083,Amenemhet III. Nimaatre,13. Dynastie,-1818,-1649,-1733.5,
9324,G0280.050,1083,Chendjer Userkare,Sobekhotep III. Sechemresewadjtaui,-1732,-1722,-1727,
9325,G0280.100,1084,Chendjer Userkare,Sobekhotep III. Sechemresewadjtaui,-1732,-1722,-1727,
10786,G0280.050,1083,13. Dynastie,17. Dynastie,-1803,-1550,-1676.5,
10785,G0280.100,1084,13. Dynastie,17. Dynastie,-1803,-1550,-1676.5,
51076,G0280.050,1083,15. Dynastie,17. Dynastie,-1650,-1550,-1600,
51077,G0280.050,1083,15. Dynastie,17. Dynastie,-1650,-1550,-1600,
51078,G0280.050,1083,15. Dynastie,17. Dynastie,-1650,-1550,-1600,
51079,G0280.050,1083,15. Dynastie,17. Dynastie,-1650,-1550,-1600,
51193,G0280.050,1083,15. Dynastie,17. Dynastie,-1650,-1550,-1600,
51194,G0280.050,1083,15. Dynastie,17. Dynastie,-1650,-1550,-1600,
51195,G0280.050,1083,15. Dynastie,17. Dynastie,-1650,-1550,-1600,
51196,G0280.050,1083,15. Dynastie,17. Dynastie,-1650,-1550,-1600,
51286,G0280.050,1083,15. Dynastie,17. Dynastie,-1650,-1550,-1600,
2072,G0280.050,1083,17. Dynastie,17. Dynastie,-1580,-1550,-1565,
2073,G0280.050,1083,17. Dynastie,17. Dynastie,-1580,-1550,-1565,
9291,G0280.050,1083,17. Dynastie,17. Dynastie,-1580,-1550,-1565,
2148,G0280.100,1084,17. Dynastie,17. Dynastie,-1580,-1550,-1565,
2149,G0280.100,1084,17. Dynastie,17. Dynastie,-1580,-1550,-1565,
2150,G0280.100,1084,17. Dynastie,17. Dynastie,-1580,-1550,-1565,
9292,G0280.100,1084,17. Dynastie,17. Dynastie,-1580,-1550,-1565,
9293,G0280.100,1084,17. Dynastie,17. Dynastie,-1580,-1550,-1565,
9294,G0280.100,1084,17. Dynastie,17. Dynastie,-1580,-1550,-1565,
13150,G0280.100,1084,17. Dynastie,Amenhotep I. Djeserkare,-1580,-1494,-1537,
13182,G0280.100,1084,17. Dynastie,Amenhotep I. Djeserkare,-1580,-1494,-1537,
1504,G0280.050,1083,Amenhotep I. Djeserkare,Amenhotep I. Djeserkare,-1514,-1494,-1504,
1505,G0280.100,1084,Amenhotep I. Djeserkare,Amenhotep I. Djeserkare,-1514,-1494,-1504,
14291,G0280.100,1084,Hatschepsut Maatkare,Hatschepsut Maatkare,-1479,-1458,-1468.5,
14292,G0280.100,1084,Hatschepsut Maatkare,Hatschepsut Maatkare,-1479,-1458,-1468.5,
14293,G0280.100,1084,Hatschepsut Maatkare,Hatschepsut Maatkare,-1479,-1458,-1468.5,
5468,G0280.050,1083,Thutmosis III. Mencheperre (Gesamtzeitraum),Thutmosis III. Mencheperre (Gesamtzeitraum),-1479,-1425,-1452,
10391,G0280.050,1083,Thutmosis III. Mencheperre (Gesamtzeitraum),Thutmosis III. Mencheperre (Gesamtzeitraum),-1479,-1425,-1452,
10392,G0280.050,1083,Thutmosis III. Mencheperre (Gesamtzeitraum),Thutmosis III. Mencheperre (Gesamtzeitraum),-1479,-1425,-1452,
17959,G0280.050,1083,Thutmosis III. Mencheperre (Alleinregierung),Thutmosis III. Mencheperre (Alleinregierung),-1479,-1425,-1452,
49248,G0280.050,1083,Hatschepsut Maatkare,Thutmosis III. Mencheperre (Gesamtzeitraum),-1479,-1425,-1452,
49249,G0280.050,1083,Hatschepsut Maatkare,Thutmosis III. Mencheperre (Gesamtzeitraum),-1479,-1425,-1452,
5433,G0280.100,1084,Thutmosis III. Mencheperre (Alleinregierung),Thutmosis III. Mencheperre (Alleinregierung),-1479,-1425,-1452,
5447,G0280.100,1084,Thutmosis III. Mencheperre (Alleinregierung),Thutmosis III. Mencheperre (Alleinregierung),-1479,-1425,-1452,
5450,G0280.100,1084,Thutmosis III. Mencheperre (Alleinregierung),Thutmosis III. Mencheperre (Alleinregierung),-1479,-1425,-1452,
5451,G0280.100,1084,Thutmosis III. Mencheperre (Alleinregierung),Thutmosis III. Mencheperre (Alleinregierung),-1479,-1425,-1452,
12466,G0280.100,1084,Thutmosis III. Mencheperre (Gesamtzeitraum),Thutmosis III. Mencheperre (Gesamtzeitraum),-1479,-1425,-1452,
12470,G0280.100,1084,Thutmosis III. Mencheperre (Gesamtzeitraum),Thutmosis III. Mencheperre (Gesamtzeitraum),-1479,-1425,-1452,
12471,G0280.100,1084,Thutmosis III. Mencheperre (Gesamtzeitraum),Thutmosis III. Mencheperre (Gesamtzeitraum),-1479,-1425,-1452,
12473,G0280.100,1084,Thutmosis III. Mencheperre (Gesamtzeitraum),Thutmosis III. Mencheperre (Gesamtzeitraum),-1479,-1425,-1452,
12474,G0280.100,1084,Thutmosis III. Mencheperre (Gesamtzeitraum),Thutmosis III. Mencheperre (Gesamtzeitraum),-1479,-1425,-1452,
12476,G0280.100,1084,Thutmosis III. Mencheperre (Gesamtzeitraum),Thutmosis III. Mencheperre (Gesamtzeitraum),-1479,-1425,-1452,
12477,G0280.100,1084,Thutmosis III. Mencheperre (Gesamtzeitraum),Thutmosis III. Mencheperre (Gesamtzeitraum),-1479,-1425,-1452,
12479,G0280.100,1084,Thutmosis III. Mencheperre (Gesamtzeitraum),Thutmosis III. Mencheperre (Gesamtzeitraum),-1479,-1425,-1452,
12481,G0280.100,1084,Thutmosis III. Mencheperre (Gesamtzeitraum),Thutmosis III. Mencheperre (Gesamtzeitraum),-1479,-1425,-1452,
12483,G0280.100,1084,Thutmosis III. Mencheperre (Gesamtzeitraum),Thutmosis III. Mencheperre (Gesamtzeitraum),-1479,-1425,-1452,
12484,G0280.100,1084,Thutmosis III. Mencheperre (Gesamtzeitraum),Thutmosis III. Mencheperre (Gesamtzeitraum),-1479,-1425,-1452,
13014,G0280.100,1084,Thutmosis III. Mencheperre (Gesamtzeitraum),Thutmosis III. Mencheperre (Gesamtzeitraum),-1479,-1425,-1452,
13015,G0280.100,1084,Thutmosis III. Mencheperre (Gesamtzeitraum),Thutmosis III. Mencheperre (Gesamtzeitraum),-1479,-1425,-1452,
13016,G0280.100,1084,Thutmosis III. Mencheperre (Gesamtzeitraum),Thutmosis III. Mencheperre (Gesamtzeitraum),-1479,-1425,-1452,
13017,G0280.100,1084,Thutmosis III. Mencheperre (Gesamtzeitraum),Thutmosis III. Mencheperre (Gesamtzeitraum),-1479,-1425,-1452,
13018,G0280.100,1084,Thutmosis III. Mencheperre (Gesamtzeitraum),Thutmosis III. Mencheperre (Gesamtzeitraum),-1479,-1425,-1452,
19127,G0280.100,1084,Thutmosis III. Mencheperre (Alleinregierung),Thutmosis III. Mencheperre (Alleinregierung),-1479,-1425,-1452,
19128,G0280.100,1084,Thutmosis III. Mencheperre (Alleinregierung),Thutmosis III. Mencheperre (Alleinregierung),-1479,-1425,-1452,
17944,G0280.050,1083,Thutmosis III. Mencheperre (Gesamtzeitraum),Amenhotep II. Aacheperure,-1479,-1400,-1439.5,
17949,G0280.050,1083,Thutmosis III. Mencheperre (Gesamtzeitraum),Amenhotep II. Aacheperure,-1479,-1400,-1439.5,
17953,G0280.050,1083,Thutmosis III. Mencheperre (Gesamtzeitraum),Amenhotep II. Aacheperure,-1479,-1400,-1439.5,
21912,G0280.050,1083,Thutmosis III. Mencheperre (Alleinregierung),Amenhotep II. Aacheperure,-1479,-1400,-1439.5,
20332,G0280.100,1084,Thutmosis III. Mencheperre (Gesamtzeitraum),Amenhotep II. Aacheperure,-1479,-1400,-1439.5,
20333,G0280.100,1084,Thutmosis III. Mencheperre (Gesamtzeitraum),Amenhotep II. Aacheperure,-1479,-1400,-1439.5,
20334,G0280.100,1084,Thutmosis III. Mencheperre (Gesamtzeitraum),Amenhotep II. Aacheperure,-1479,-1400,-1439.5,
21436,G0280.100,1084,Thutmosis III. Mencheperre (Alleinregierung),Amenhotep II. Aacheperure,-1479,-1400,-1439.5,
21437,G0280.100,1084,Thutmosis III. Mencheperre (Alleinregierung),Amenhotep II. Aacheperure,-1479,-1400,-1439.5,
21439,G0280.100,1084,Thutmosis III. Mencheperre (Alleinregierung),Amenhotep II. Aacheperure,-1479,-1400,-1439.5,
21913,G0280.100,1084,Thutmosis III. Mencheperre (Alleinregierung),Amenhotep II. Aacheperure,-1479,-1400,-1439.5,
21914,G0280.100,1084,Thutmosis III. Mencheperre (Alleinregierung),Amenhotep II. Aacheperure,-1479,-1400,-1439.5,
21915,G0280.100,1084,Thutmosis III. Mencheperre (Alleinregierung),Amenhotep II. Aacheperure,-1479,-1400,-1439.5,
21916,G0280.100,1084,Thutmosis III. Mencheperre (Alleinregierung),Amenhotep II. Aacheperure,-1479,-1400,-1439.5,
22219,G0280.100,1084,Thutmosis III. Mencheperre (Alleinregierung),Amenhotep II. Aacheperure,-1479,-1400,-1439.5,
22220,G0280.100,1084,Thutmosis III. Mencheperre (Alleinregierung),Amenhotep II. Aacheperure,-1479,-1400,-1439.5,
22222,G0280.100,1084,Thutmosis III. Mencheperre (Alleinregierung),Amenhotep II. Aacheperure,-1479,-1400,-1439.5,
22224,G0280.100,1084,Thutmosis III. Mencheperre (Alleinregierung),Amenhotep II. Aacheperure,-1479,-1400,-1439.5,
22225,G0280.100,1084,Thutmosis III. Mencheperre (Alleinregierung),Amenhotep II. Aacheperure,-1479,-1400,-1439.5,
22226,G0280.100,1084,Thutmosis III. Mencheperre (Alleinregierung),Amenhotep II. Aacheperure,-1479,-1400,-1439.5,
22227,G0280.100,1084,Thutmosis III. Mencheperre (Alleinregierung),Amenhotep II. Aacheperure,-1479,-1400,-1439.5,
21438,G0280.075,1229,Thutmosis III. Mencheperre (Alleinregierung),Amenhotep II. Aacheperure,-1479,-1400,-1439.5,
46816,G0280.050,1083,17. Dynastie,18. Dynastie,-1580,-1292,-1436,
46817,G0280.050,1083,17. Dynastie,18. Dynastie,-1580,-1292,-1436,
46921,G0280.050,1083,17. Dynastie,18. Dynastie,-1580,-1292,-1436,
11967,G0280.050,1083,18. Dynastie,18. Dynastie,-1550,-1292,-1421,
14409,G0280.050,1083,18. Dynastie,18. Dynastie,-1550,-1292,-1421,
20267,G0280.050,1083,18. Dynastie,18. Dynastie,-1550,-1292,-1421,
20268,G0280.050,1083,18. Dynastie,18. Dynastie,-1550,-1292,-1421,
20825,G0280.050,1083,18. Dynastie,18. Dynastie,-1550,-1292,-1421,
20829,G0280.050,1083,18. Dynastie,18. Dynastie,-1550,-1292,-1421,
20831,G0280.050,1083,18. Dynastie,18. Dynastie,-1550,-1292,-1421,
20832,G0280.050,1083,18. Dynastie,18. Dynastie,-1550,-1292,-1421,
20835,G0280.050,1083,18. Dynastie,18. Dynastie,-1550,-1292,-1421,
20837,G0280.050,1083,18. Dynastie,18. Dynastie,-1550,-1292,-1421,
21518,G0280.050,1083,18. Dynastie,18. Dynastie,-1550,-1292,-1421,
27439,G0280.050,1083,18. Dynastie,18. Dynastie,-1550,-1292,-1421,
28560,G0280.050,1083,18. Dynastie,18. Dynastie,-1550,-1292,-1421,
28562,G0280.050,1083,18. Dynastie,18. Dynastie,-1550,-1292,-1421,
28563,G0280.050,1083,18. Dynastie,18. Dynastie,-1550,-1292,-1421,
28806,G0280.050,1083,18. Dynastie,18. Dynastie,-1550,-1292,-1421,
30395,G0280.050,1083,18. Dynastie,18. Dynastie,-1550,-1292,-1421,
34501,G0280.050,1083,18. Dynastie,18. Dynastie,-1550,-1292,-1421,
43139,G0280.050,1083,18. Dynastie,18. Dynastie,-1550,-1292,-1421,
43566,G0280.050,1083,18. Dynastie,18. Dynastie,-1550,-1292,-1421,
49141,G0280.050,1083,18. Dynastie,18. Dynastie,-1550,-1292,-1421,
49142,G0280.050,1083,18. Dynastie,18. Dynastie,-1550,-1292,-1421,
49183,G0280.050,1083,18. Dynastie,18. Dynastie,-1550,-1292,-1421,
49184,G0280.050,1083,18. Dynastie,18. Dynastie,-1550,-1292,-1421,
51371,G0280.050,1083,18. Dynastie,18. Dynastie,-1550,-1292,-1421,
51372,G0280.050,1083,18. Dynastie,18. Dynastie,-1550,-1292,-1421,
51373,G0280.050,1083,18. Dynastie,18. Dynastie,-1550,-1292,-1421,
51374,G0280.050,1083,18. Dynastie,18. Dynastie,-1550,-1292,-1421,
51375,G0280.050,1083,18. Dynastie,18. Dynastie,-1550,-1292,-1421,
51376,G0280.050,1083,18. Dynastie,18. Dynastie,-1550,-1292,-1421,
51377,G0280.050,1083,18. Dynastie,18. Dynastie,-1550,-1292,-1421,
51378,G0280.050,1083,18. Dynastie,18. Dynastie,-1550,-1292,-1421,
11962,G0280.100,1084,18. Dynastie,18. Dynastie,-1550,-1292,-1421,
11963,G0280.100,1084,18. Dynastie,18. Dynastie,-1550,-1292,-1421,
11964,G0280.100,1084,18. Dynastie,18. Dynastie,-1550,-1292,-1421,
11965,G0280.100,1084,18. Dynastie,18. Dynastie,-1550,-1292,-1421,
11966,G0280.100,1084,18. Dynastie,18. Dynastie,-1550,-1292,-1421,
11968,G0280.100,1084,18. Dynastie,18. Dynastie,-1550,-1292,-1421,
12061,G0280.100,1084,18. Dynastie,18. Dynastie,-1550,-1292,-1421,
12062,G0280.100,1084,18. Dynastie,18. Dynastie,-1550,-1292,-1421,
14238,G0280.100,1084,18. Dynastie,18. Dynastie,-1550,-1292,-1421,
14378,G0280.100,1084,18. Dynastie,18. Dynastie,-1550,-1292,-1421,
15150,G0280.100,1084,18. Dynastie,18. Dynastie,-1550,-1292,-1421,
15151,G0280.100,1084,18. Dynastie,18. Dynastie,-1550,-1292,-1421,
17198,G0280.100,1084,18. Dynastie,18. Dynastie,-1550,-1292,-1421,
17200,G0280.100,1084,18. Dynastie,18. Dynastie,-1550,-1292,-1421,
17259,G0280.100,1084,18. Dynastie,18. Dynastie,-1550,-1292,-1421,
19781,G0280.100,1084,18. Dynastie,18. Dynastie,-1550,-1292,-1421,
19782,G0280.100,1084,18. Dynastie,18. Dynastie,-1550,-1292,-1421,
19783,G0280.100,1084,18. Dynastie,18. Dynastie,-1550,-1292,-1421,
19784,G0280.100,1084,18. Dynastie,18. Dynastie,-1550,-1292,-1421,
19861,G0280.100,1084,18. Dynastie,18. Dynastie,-1550,-1292,-1421,
19862,G0280.100,1084,18. Dynastie,18. Dynastie,-1550,-1292,-1421,
19897,G0280.100,1084,18. Dynastie,18. Dynastie,-1550,-1292,-1421,
19898,G0280.100,1084,18. Dynastie,18. Dynastie,-1550,-1292,-1421,
19899,G0280.100,1084,18. Dynastie,18. Dynastie,-1550,-1292,-1421,
19940,G0280.100,1084,18. Dynastie,18. Dynastie,-1550,-1292,-1421,
19990,G0280.100,1084,18. Dynastie,18. Dynastie,-1550,-1292,-1421,
19991,G0280.100,1084,18. Dynastie,18. Dynastie,-1550,-1292,-1421,
19992,G0280.100,1084,18. Dynastie,18. Dynastie,-1550,-1292,-1421,
19993,G0280.100,1084,18. Dynastie,18. Dynastie,-1550,-1292,-1421,
20077,G0280.100,1084,18. Dynastie,18. Dynastie,-1550,-1292,-1421,
20121,G0280.100,1084,18. Dynastie,18. Dynastie,-1550,-1292,-1421,
20122,G0280.100,1084,18. Dynastie,18. Dynastie,-1550,-1292,-1421,
20123,G0280.100,1084,18. Dynastie,18. Dynastie,-1550,-1292,-1421,
20269,G0280.100,1084,18. Dynastie,18. Dynastie,-1550,-1292,-1421,
20270,G0280.100,1084,18. Dynastie,18. Dynastie,-1550,-1292,-1421,
20824,G0280.100,1084,18. Dynastie,18. Dynastie,-1550,-1292,-1421,
20826,G0280.100,1084,18. Dynastie,18. Dynastie,-1550,-1292,-1421,
20827,G0280.100,1084,18. Dynastie,18. Dynastie,-1550,-1292,-1421,
20828,G0280.100,1084,18. Dynastie,18. Dynastie,-1550,-1292,-1421,
20830,G0280.100,1084,18. Dynastie,18. Dynastie,-1550,-1292,-1421,
20833,G0280.100,1084,18. Dynastie,18. Dynastie,-1550,-1292,-1421,
20834,G0280.100,1084,18. Dynastie,18. Dynastie,-1550,-1292,-1421,
20836,G0280.100,1084,18. Dynastie,18. Dynastie,-1550,-1292,-1421,
20838,G0280.100,1084,18. Dynastie,18. Dynastie,-1550,-1292,-1421,
20840,G0280.100,1084,18. Dynastie,18. Dynastie,-1550,-1292,-1421,
20841,G0280.100,1084,18. Dynastie,18. Dynastie,-1550,-1292,-1421,
21512,G0280.100,1084,18. Dynastie,18. Dynastie,-1550,-1292,-1421,
21513,G0280.100,1084,18. Dynastie,18. Dynastie,-1550,-1292,-1421,
21515,G0280.100,1084,18. Dynastie,18. Dynastie,-1550,-1292,-1421,
21516,G0280.100,1084,18. Dynastie,18. Dynastie,-1550,-1292,-1421,
21517,G0280.100,1084,18. Dynastie,18. Dynastie,-1550,-1292,-1421,
21519,G0280.100,1084,18. Dynastie,18. Dynastie,-1550,-1292,-1421,
21520,G0280.100,1084,18. Dynastie,18. Dynastie,-1550,-1292,-1421,
21633,G0280.100,1084,18. Dynastie,18. Dynastie,-1550,-1292,-1421,
21634,G0280.100,1084,18. Dynastie,18. Dynastie,-1550,-1292,-1421,
21635,G0280.100,1084,18. Dynastie,18. Dynastie,-1550,-1292,-1421,
21636,G0280.100,1084,18. Dynastie,18. Dynastie,-1550,-1292,-1421,
21637,G0280.100,1084,18. Dynastie,18. Dynastie,-1550,-1292,-1421,
21638,G0280.100,1084,18. Dynastie,18. Dynastie,-1550,-1292,-1421,
21639,G0280.100,1084,18. Dynastie,18. Dynastie,-1550,-1292,-1421,
21640,G0280.100,1084,18. Dynastie,18. Dynastie,-1550,-1292,-1421,
22926,G0280.100,1084,18. Dynastie,18. Dynastie,-1550,-1292,-1421,
22927,G0280.100,1084,18. Dynastie,18. Dynastie,-1550,-1292,-1421,
22928,G0280.100,1084,18. Dynastie,18. Dynastie,-1550,-1292,-1421,
22929,G0280.100,1084,18. Dynastie,18. Dynastie,-1550,-1292,-1421,
25110,G0280.100,1084,18. Dynastie,18. Dynastie,-1550,-1292,-1421,
25111,G0280.100,1084,18. Dynastie,18. Dynastie,-1550,-1292,-1421,
25112,G0280.100,1084,18. Dynastie,18. Dynastie,-1550,-1292,-1421,
25113,G0280.100,1084,18. Dynastie,18. Dynastie,-1550,-1292,-1421,
25114,G0280.100,1084,18. Dynastie,18. Dynastie,-1550,-1292,-1421,
25752,G0280.100,1084,18. Dynastie,18. Dynastie,-1550,-1292,-1421,
25992,G0280.100,1084,18. Dynastie,18. Dynastie,-1550,-1292,-1421,
25993,G0280.100,1084,18. Dynastie,18. Dynastie,-1550,-1292,-1421,
25994,G0280.100,1084,18. Dynastie,18. Dynastie,-1550,-1292,-1421,
26149,G0280.100,1084,18. Dynastie,18. Dynastie,-1550,-1292,-1421,
26150,G0280.100,1084,18. Dynastie,18. Dynastie,-1550,-1292,-1421,
26620,G0280.100,1084,18. Dynastie,18. Dynastie,-1550,-1292,-1421,
26621,G0280.100,1084,18. Dynastie,18. Dynastie,-1550,-1292,-1421,
26622,G0280.100,1084,18. Dynastie,18. Dynastie,-1550,-1292,-1421,
26624,G0280.100,1084,18. Dynastie,18. Dynastie,-1550,-1292,-1421,
26625,G0280.100,1084,18. Dynastie,18. Dynastie,-1550,-1292,-1421,
26626,G0280.100,1084,18. Dynastie,18. Dynastie,-1550,-1292,-1421,
26627,G0280.100,1084,18. Dynastie,18. Dynastie,-1550,-1292,-1421,
26628,G0280.100,1084,18. Dynastie,18. Dynastie,-1550,-1292,-1421,
27128,G0280.100,1084,18. Dynastie,18. Dynastie,-1550,-1292,-1421,
27610,G0280.100,1084,18. Dynastie,18. Dynastie,-1550,-1292,-1421,
28056,G0280.100,1084,18. Dynastie,18. Dynastie,-1550,-1292,-1421,
28057,G0280.100,1084,18. Dynastie,18. Dynastie,-1550,-1292,-1421,
28224,G0280.100,1084,18. Dynastie,18. Dynastie,-1550,-1292,-1421,
28225,G0280.100,1084,18. Dynastie,18. Dynastie,-1550,-1292,-1421,
28226,G0280.100,1084,18. Dynastie,18. Dynastie,-1550,-1292,-1421,
28227,G0280.100,1084,18. Dynastie,18. Dynastie,-1550,-1292,-1421,
28228,G0280.100,1084,18. Dynastie,18. Dynastie,-1550,-1292,-1421,
28561,G0280.100,1084,18. Dynastie,18. Dynastie,-1550,-1292,-1421,
28633,G0280.100,1084,18. Dynastie,18. Dynastie,-1550,-1292,-1421,
28634,G0280.100,1084,18. Dynastie,18. Dynastie,-1550,-1292,-1421,
28635,G0280.100,1084,18. Dynastie,18. Dynastie,-1550,-1292,-1421,
28636,G0280.100,1084,18. Dynastie,18. Dynastie,-1550,-1292,-1421,
28637,G0280.100,1084,18. Dynastie,18. Dynastie,-1550,-1292,-1421,
28638,G0280.100,1084,18. Dynastie,18. Dynastie,-1550,-1292,-1421,
29168,G0280.100,1084,18. Dynastie,18. Dynastie,-1550,-1292,-1421,
29169,G0280.100,1084,18. Dynastie,18. Dynastie,-1550,-1292,-1421,
29170,G0280.100,1084,18. Dynastie,18. Dynastie,-1550,-1292,-1421,
29171,G0280.100,1084,18. Dynastie,18. Dynastie,-1550,-1292,-1421,
29172,G0280.100,1084,18. Dynastie,18. Dynastie,-1550,-1292,-1421,
29173,G0280.100,1084,18. Dynastie,18. Dynastie,-1550,-1292,-1421,
29174,G0280.100,1084,18. Dynastie,18. Dynastie,-1550,-1292,-1421,
30117,G0280.100,1084,18. Dynastie,18. Dynastie,-1550,-1292,-1421,
30134,G0280.100,1084,18. Dynastie,18. Dynastie,-1550,-1292,-1421,
30161,G0280.100,1084,18. Dynastie,18. Dynastie,-1550,-1292,-1421,
30162,G0280.100,1084,18. Dynastie,18. Dynastie,-1550,-1292,-1421,
30357,G0280.100,1084,18. Dynastie,18. Dynastie,-1550,-1292,-1421,
30472,G0280.100,1084,18. Dynastie,18. Dynastie,-1550,-1292,-1421,
30473,G0280.100,1084,18. Dynastie,18. Dynastie,-1550,-1292,-1421,
31349,G0280.100,1084,18. Dynastie,18. Dynastie,-1550,-1292,-1421,
31350,G0280.100,1084,18. Dynastie,18. Dynastie,-1550,-1292,-1421,
33950,G0280.100,1084,18. Dynastie,18. Dynastie,-1550,-1292,-1421,
33986,G0280.100,1084,18. Dynastie,18. Dynastie,-1550,-1292,-1421,
33987,G0280.100,1084,18. Dynastie,18. Dynastie,-1550,-1292,-1421,
34004,G0280.100,1084,18. Dynastie,18. Dynastie,-1550,-1292,-1421,
34033,G0280.100,1084,18. Dynastie,18. Dynastie,-1550,-1292,-1421,
34093,G0280.100,1084,18. Dynastie,18. Dynastie,-1550,-1292,-1421,
34125,G0280.100,1084,18. Dynastie,18. Dynastie,-1550,-1292,-1421,
34126,G0280.100,1084,18. Dynastie,18. Dynastie,-1550,-1292,-1421,
34358,G0280.100,1084,18. Dynastie,18. Dynastie,-1550,-1292,-1421,
34389,G0280.100,1084,18. Dynastie,18. Dynastie,-1550,-1292,-1421,
34390,G0280.100,1084,18. Dynastie,18. Dynastie,-1550,-1292,-1421,
34446,G0280.100,1084,18. Dynastie,18. Dynastie,-1550,-1292,-1421,
34486,G0280.100,1084,18. Dynastie,18. Dynastie,-1550,-1292,-1421,
34548,G0280.100,1084,18. Dynastie,18. Dynastie,-1550,-1292,-1421,
34592,G0280.100,1084,18. Dynastie,18. Dynastie,-1550,-1292,-1421,
43451,G0280.100,1084,18. Dynastie,18. Dynastie,-1550,-1292,-1421,
43459,G0280.100,1084,18. Dynastie,18. Dynastie,-1550,-1292,-1421,
21514,G0280.150,1085,18. Dynastie,18. Dynastie,-1550,-1292,-1421,
28783,G0280.150,1085,18. Dynastie,18. Dynastie,-1550,-1292,-1421,
30063,G0280.025,1228,18. Dynastie,18. Dynastie,-1550,-1292,-1421,
14420,G0280.075,1229,18. Dynastie,18. Dynastie,-1550,-1292,-1421,
17199,G0280.075,1229,18. Dynastie,18. Dynastie,-1550,-1292,-1421,
29136,G0280.075,1229,18. Dynastie,18. Dynastie,-1550,-1292,-1421,
30531,G0280.075,1229,18. Dynastie,18. Dynastie,-1550,-1292,-1421,
5521,G0280.050,1083,Amenhotep II. Aacheperure,Amenhotep II. Aacheperure,-1425,-1400,-1412.5,
5522,G0280.050,1083,Amenhotep II. Aacheperure,Amenhotep II. Aacheperure,-1425,-1400,-1412.5,
5523,G0280.100,1084,Amenhotep II. Aacheperure,Amenhotep II. Aacheperure,-1425,-1400,-1412.5,
5524,G0280.100,1084,Amenhotep II. Aacheperure,Amenhotep II. Aacheperure,-1425,-1400,-1412.5,
5525,G0280.100,1084,Amenhotep II. Aacheperure,Amenhotep II. Aacheperure,-1425,-1400,-1412.5,
5526,G0280.100,1084,Amenhotep II. Aacheperure,Amenhotep II. Aacheperure,-1425,-1400,-1412.5,
32362,G0280.100,1084,Amenhotep II. Aacheperure,Amenhotep II. Aacheperure,-1425,-1400,-1412.5,
32591,G0280.100,1084,Amenhotep II. Aacheperure,Amenhotep II. Aacheperure,-1425,-1400,-1412.5,
32621,G0280.100,1084,Amenhotep II. Aacheperure,Amenhotep II. Aacheperure,-1425,-1400,-1412.5,
32622,G0280.100,1084,Amenhotep II. Aacheperure,Amenhotep II. Aacheperure,-1425,-1400,-1412.5,
32623,G0280.100,1084,Amenhotep II. Aacheperure,Amenhotep II. Aacheperure,-1425,-1400,-1412.5,
32703,G0280.100,1084,Amenhotep II. Aacheperure,Amenhotep II. Aacheperure,-1425,-1400,-1412.5,
17941,G0280.050,1083,Thutmosis IV. Mencheperure,Thutmosis IV. Mencheperure,-1400,-1390,-1395,
13092,G0280.075,1229,Thutmosis IV. Mencheperure,Thutmosis IV. Mencheperure,-1400,-1390,-1395,
52047,G0280.050,1083,Amenhotep III. Nebmaatre,Amenhotep III. Nebmaatre,-1390,-1353,-1371.5,
53,G0280.100,1084,Amenhotep III. Nebmaatre,Amenhotep III. Nebmaatre,-1390,-1353,-1371.5,
14049,G0280.100,1084,Amenhotep III. Nebmaatre,Amenhotep III. Nebmaatre,-1390,-1353,-1371.5,
14050,G0280.100,1084,Amenhotep III. Nebmaatre,Amenhotep III. Nebmaatre,-1390,-1353,-1371.5,
14203,G0280.100,1084,Amenhotep III. Nebmaatre,Amenhotep III. Nebmaatre,-1390,-1353,-1371.5,
14484,G0280.100,1084,Amenhotep III. Nebmaatre,Amenhotep III. Nebmaatre,-1390,-1353,-1371.5,
14485,G0280.100,1084,Amenhotep III. Nebmaatre,Amenhotep III. Nebmaatre,-1390,-1353,-1371.5,
14486,G0280.100,1084,Amenhotep III. Nebmaatre,Amenhotep III. Nebmaatre,-1390,-1353,-1371.5,
14487,G0280.100,1084,Amenhotep III. Nebmaatre,Amenhotep III. Nebmaatre,-1390,-1353,-1371.5,
14488,G0280.100,1084,Amenhotep III. Nebmaatre,Amenhotep III. Nebmaatre,-1390,-1353,-1371.5,
14489,G0280.100,1084,Amenhotep III. Nebmaatre,Amenhotep III. Nebmaatre,-1390,-1353,-1371.5,
15240,G0280.100,1084,Amenhotep III. Nebmaatre,Amenhotep III. Nebmaatre,-1390,-1353,-1371.5,
15241,G0280.100,1084,Amenhotep III. Nebmaatre,Amenhotep III. Nebmaatre,-1390,-1353,-1371.5,
15242,G0280.100,1084,Amenhotep III. Nebmaatre,Amenhotep III. Nebmaatre,-1390,-1353,-1371.5,
15243,G0280.100,1084,Amenhotep III. Nebmaatre,Amenhotep III. Nebmaatre,-1390,-1353,-1371.5,
15244,G0280.100,1084,Amenhotep III. Nebmaatre,Amenhotep III. Nebmaatre,-1390,-1353,-1371.5,
15245,G0280.100,1084,Amenhotep III. Nebmaatre,Amenhotep III. Nebmaatre,-1390,-1353,-1371.5,
15256,G0280.100,1084,Amenhotep III. Nebmaatre,Amenhotep III. Nebmaatre,-1390,-1353,-1371.5,
15264,G0280.100,1084,Amenhotep III. Nebmaatre,Amenhotep III. Nebmaatre,-1390,-1353,-1371.5,
19742,G0280.100,1084,Amenhotep III. Nebmaatre,Amenhotep III. Nebmaatre,-1390,-1353,-1371.5,
19743,G0280.100,1084,Amenhotep III. Nebmaatre,Amenhotep III. Nebmaatre,-1390,-1353,-1371.5,
28430,G0280.100,1084,Amenhotep III. Nebmaatre,Amenhotep III. Nebmaatre,-1390,-1353,-1371.5,
28431,G0280.100,1084,Amenhotep III. Nebmaatre,Amenhotep III. Nebmaatre,-1390,-1353,-1371.5,
28432,G0280.100,1084,Amenhotep III. Nebmaatre,Amenhotep III. Nebmaatre,-1390,-1353,-1371.5,
19741,G0280.075,1229,Amenhotep III. Nebmaatre,Amenhotep III. Nebmaatre,-1390,-1353,-1371.5,
5482,G0280.050,1083,Amenhotep III. Nebmaatre,Amenhotep IV. / Echnaton Nefercheperure,-1390,-1336,-1363,
31626,G0280.050,1083,Amenhotep III. Nebmaatre,Amenhotep IV. / Echnaton Nefercheperure,-1390,-1336,-1363,
31646,G0280.050,1083,Amenhotep III. Nebmaatre,Amenhotep IV. / Echnaton Nefercheperure,-1390,-1336,-1363,
31905,G0280.050,1083,Amenhotep III. Nebmaatre,Amenhotep IV. / Echnaton Nefercheperure,-1390,-1336,-1363,
31906,G0280.050,1083,Amenhotep III. Nebmaatre,Amenhotep IV. / Echnaton Nefercheperure,-1390,-1336,-1363,
5484,G0280.100,1084,Amenhotep III. Nebmaatre,Amenhotep IV. / Echnaton Nefercheperure,-1390,-1336,-1363,
5485,G0280.100,1084,Amenhotep III. Nebmaatre,Amenhotep IV. / Echnaton Nefercheperure,-1390,-1336,-1363,
31592,G0280.100,1084,Amenhotep III. Nebmaatre,Amenhotep IV. / Echnaton Nefercheperure,-1390,-1336,-1363,
31683,G0280.100,1084,Amenhotep III. Nebmaatre,Amenhotep IV. / Echnaton Nefercheperure,-1390,-1336,-1363,
31684,G0280.100,1084,Amenhotep III. Nebmaatre,Amenhotep IV. / Echnaton Nefercheperure,-1390,-1336,-1363,
31710,G0280.100,1084,Amenhotep III. Nebmaatre,Amenhotep IV. / Echnaton Nefercheperure,-1390,-1336,-1363,
31751,G0280.100,1084,Amenhotep III. Nebmaatre,Amenhotep IV. / Echnaton Nefercheperure,-1390,-1336,-1363,
31768,G0280.100,1084,Amenhotep III. Nebmaatre,Amenhotep IV. / Echnaton Nefercheperure,-1390,-1336,-1363,
31812,G0280.100,1084,Amenhotep III. Nebmaatre,Amenhotep IV. / Echnaton Nefercheperure,-1390,-1336,-1363,
31841,G0280.100,1084,Amenhotep III. Nebmaatre,Amenhotep IV. / Echnaton Nefercheperure,-1390,-1336,-1363,
31907,G0280.100,1084,Amenhotep III. Nebmaatre,Amenhotep IV. / Echnaton Nefercheperure,-1390,-1336,-1363,
31949,G0280.100,1084,Amenhotep III. Nebmaatre,Amenhotep IV. / Echnaton Nefercheperure,-1390,-1336,-1363,
31965,G0280.150,1085,Amenhotep III. Nebmaatre,Amenhotep IV. / Echnaton Nefercheperure,-1390,-1336,-1363,
5481,G0280.050,1083,Amenhotep IV. / Echnaton Nefercheperure,Amenhotep IV. / Echnaton Nefercheperure,-1353,-1336,-1344.5,
20431,G0280.050,1083,Amenhotep IV. / Echnaton Nefercheperure,Amenhotep IV. / Echnaton Nefercheperure,-1353,-1336,-1344.5,
20731,G0280.050,1083,Amenhotep IV. / Echnaton Nefercheperure,Amenhotep IV. / Echnaton Nefercheperure,-1353,-1336,-1344.5,
31177,G0280.050,1083,Amenhotep IV. / Echnaton Nefercheperure,Amenhotep IV. / Echnaton Nefercheperure,-1353,-1336,-1344.5,
31178,G0280.050,1083,Amenhotep IV. / Echnaton Nefercheperure,Amenhotep IV. / Echnaton Nefercheperure,-1353,-1336,-1344.5,
5483,G0280.100,1084,Amenhotep IV. / Echnaton Nefercheperure,Amenhotep IV. / Echnaton Nefercheperure,-1353,-1336,-1344.5,
8776,G0280.100,1084,Amenhotep IV. / Echnaton Nefercheperure,Amenhotep IV. / Echnaton Nefercheperure,-1353,-1336,-1344.5,
20516,G0280.100,1084,Amenhotep IV. / Echnaton Nefercheperure,Amenhotep IV. / Echnaton Nefercheperure,-1353,-1336,-1344.5,
30840,G0280.100,1084,Amenhotep IV. / Echnaton Nefercheperure,Amenhotep IV. / Echnaton Nefercheperure,-1353,-1336,-1344.5,
30864,G0280.100,1084,Amenhotep IV. / Echnaton Nefercheperure,Amenhotep IV. / Echnaton Nefercheperure,-1353,-1336,-1344.5,
30879,G0280.100,1084,Amenhotep IV. / Echnaton Nefercheperure,Amenhotep IV. / Echnaton Nefercheperure,-1353,-1336,-1344.5,
30880,G0280.100,1084,Amenhotep IV. / Echnaton Nefercheperure,Amenhotep IV. / Echnaton Nefercheperure,-1353,-1336,-1344.5,
30924,G0280.100,1084,Amenhotep IV. / Echnaton Nefercheperure,Amenhotep IV. / Echnaton Nefercheperure,-1353,-1336,-1344.5,
30925,G0280.100,1084,Amenhotep IV. / Echnaton Nefercheperure,Amenhotep IV. / Echnaton Nefercheperure,-1353,-1336,-1344.5,
30982,G0280.100,1084,Amenhotep IV. / Echnaton Nefercheperure,Amenhotep IV. / Echnaton Nefercheperure,-1353,-1336,-1344.5,
30998,G0280.100,1084,Amenhotep IV. / Echnaton Nefercheperure,Amenhotep IV. / Echnaton Nefercheperure,-1353,-1336,-1344.5,
30999,G0280.100,1084,Amenhotep IV. / Echnaton Nefercheperure,Amenhotep IV. / Echnaton Nefercheperure,-1353,-1336,-1344.5,
31017,G0280.100,1084,Amenhotep IV. / Echnaton Nefercheperure,Amenhotep IV. / Echnaton Nefercheperure,-1353,-1336,-1344.5,
31025,G0280.100,1084,Amenhotep IV. / Echnaton Nefercheperure,Amenhotep IV. / Echnaton Nefercheperure,-1353,-1336,-1344.5,
31026,G0280.100,1084,Amenhotep IV. / Echnaton Nefercheperure,Amenhotep IV. / Echnaton Nefercheperure,-1353,-1336,-1344.5,
31038,G0280.100,1084,Amenhotep IV. / Echnaton Nefercheperure,Amenhotep IV. / Echnaton Nefercheperure,-1353,-1336,-1344.5,
31102,G0280.100,1084,Amenhotep IV. / Echnaton Nefercheperure,Amenhotep IV. / Echnaton Nefercheperure,-1353,-1336,-1344.5,
31118,G0280.100,1084,Amenhotep IV. / Echnaton Nefercheperure,Amenhotep IV. / Echnaton Nefercheperure,-1353,-1336,-1344.5,
31121,G0280.100,1084,Amenhotep IV. / Echnaton Nefercheperure,Amenhotep IV. / Echnaton Nefercheperure,-1353,-1336,-1344.5,
31130,G0280.100,1084,Amenhotep IV. / Echnaton Nefercheperure,Amenhotep IV. / Echnaton Nefercheperure,-1353,-1336,-1344.5,
31143,G0280.100,1084,Amenhotep IV. / Echnaton Nefercheperure,Amenhotep IV. / Echnaton Nefercheperure,-1353,-1336,-1344.5,
31179,G0280.100,1084,Amenhotep IV. / Echnaton Nefercheperure,Amenhotep IV. / Echnaton Nefercheperure,-1353,-1336,-1344.5,
31192,G0280.100,1084,Amenhotep IV. / Echnaton Nefercheperure,Amenhotep IV. / Echnaton Nefercheperure,-1353,-1336,-1344.5,
31193,G0280.100,1084,Amenhotep IV. / Echnaton Nefercheperure,Amenhotep IV. / Echnaton Nefercheperure,-1353,-1336,-1344.5,
31239,G0280.100,1084,Amenhotep IV. / Echnaton Nefercheperure,Amenhotep IV. / Echnaton Nefercheperure,-1353,-1336,-1344.5,
31246,G0280.100,1084,Amenhotep IV. / Echnaton Nefercheperure,Amenhotep IV. / Echnaton Nefercheperure,-1353,-1336,-1344.5,
31247,G0280.100,1084,Amenhotep IV. / Echnaton Nefercheperure,Amenhotep IV. / Echnaton Nefercheperure,-1353,-1336,-1344.5,
31267,G0280.100,1084,Amenhotep IV. / Echnaton Nefercheperure,Amenhotep IV. / Echnaton Nefercheperure,-1353,-1336,-1344.5,
31275,G0280.100,1084,Amenhotep IV. / Echnaton Nefercheperure,Amenhotep IV. / Echnaton Nefercheperure,-1353,-1336,-1344.5,
31284,G0280.100,1084,Amenhotep IV. / Echnaton Nefercheperure,Amenhotep IV. / Echnaton Nefercheperure,-1353,-1336,-1344.5,
31285,G0280.100,1084,Amenhotep IV. / Echnaton Nefercheperure,Amenhotep IV. / Echnaton Nefercheperure,-1353,-1336,-1344.5,
31302,G0280.100,1084,Amenhotep IV. / Echnaton Nefercheperure,Amenhotep IV. / Echnaton Nefercheperure,-1353,-1336,-1344.5,
31303,G0280.100,1084,Amenhotep IV. / Echnaton Nefercheperure,Amenhotep IV. / Echnaton Nefercheperure,-1353,-1336,-1344.5,
31304,G0280.100,1084,Amenhotep IV. / Echnaton Nefercheperure,Amenhotep IV. / Echnaton Nefercheperure,-1353,-1336,-1344.5,
52013,G0280.100,1084,Amenhotep IV. / Echnaton Nefercheperure,Amenhotep IV. / Echnaton Nefercheperure,-1353,-1336,-1344.5,
30826,G0280.150,1085,Amenhotep IV. / Echnaton Nefercheperure,Amenhotep IV. / Echnaton Nefercheperure,-1353,-1336,-1344.5,
30827,G0280.150,1085,Amenhotep IV. / Echnaton Nefercheperure,Amenhotep IV. / Echnaton Nefercheperure,-1353,-1336,-1344.5,
30841,G0280.150,1085,Amenhotep IV. / Echnaton Nefercheperure,Amenhotep IV. / Echnaton Nefercheperure,-1353,-1336,-1344.5,
31206,G0280.150,1085,Amenhotep IV. / Echnaton Nefercheperure,Amenhotep IV. / Echnaton Nefercheperure,-1353,-1336,-1344.5,
49232,G0280.050,1083,18. Dynastie,20. Dynastie,-1550,-1077,-1313.5,
17958,G0280.050,1083,Aja Chepercheperure,Ramses I. Menpehtyre,-1323,-1291,-1307,
8010,G0280.100,1084,Sethos I. Menmaatre,Sethos I. Menmaatre,-1290,-1279,-1284.5,
11079,G0280.100,1084,Sethos I. Menmaatre,Sethos I. Menmaatre,-1290,-1279,-1284.5,
14674,G0280.100,1084,Sethos I. Menmaatre,Sethos I. Menmaatre,-1290,-1279,-1284.5,
14728,G0280.100,1084,Sethos I. Menmaatre,Sethos I. Menmaatre,-1290,-1279,-1284.5,
14768,G0280.100,1084,Sethos I. Menmaatre,Sethos I. Menmaatre,-1290,-1279,-1284.5,
14795,G0280.100,1084,Sethos I. Menmaatre,Sethos I. Menmaatre,-1290,-1279,-1284.5,
14830,G0280.100,1084,Sethos I. Menmaatre,Sethos I. Menmaatre,-1290,-1279,-1284.5,
14831,G0280.100,1084,Sethos I. Menmaatre,Sethos I. Menmaatre,-1290,-1279,-1284.5,
14832,G0280.100,1084,Sethos I. Menmaatre,Sethos I. Menmaatre,-1290,-1279,-1284.5,
14878,G0280.100,1084,Sethos I. Menmaatre,Sethos I. Menmaatre,-1290,-1279,-1284.5,
14879,G0280.100,1084,Sethos I. Menmaatre,Sethos I. Menmaatre,-1290,-1279,-1284.5,
36113,G0280.100,1084,Sethos I. Menmaatre,Sethos I. Menmaatre,-1290,-1279,-1284.5,
36160,G0280.100,1084,Sethos I. Menmaatre,Sethos I. Menmaatre,-1290,-1279,-1284.5,
17948,G0280.050,1083,Ramses I. Menpehtyre,Ramses II. Usermaatre-Setepenre,-1292,-1213,-1252.5,
23003,G0280.100,1084,Sethos I. Menmaatre,Ramses II. Usermaatre-Setepenre,-1290,-1213,-1251.5,
32817,G0280.100,1084,Sethos I. Menmaatre,Ramses II. Usermaatre-Setepenre,-1290,-1213,-1251.5,
32818,G0280.100,1084,Sethos I. Menmaatre,Ramses II. Usermaatre-Setepenre,-1290,-1213,-1251.5,
32819,G0280.100,1084,Sethos I. Menmaatre,Ramses II. Usermaatre-Setepenre,-1290,-1213,-1251.5,
32820,G0280.100,1084,Sethos I. Menmaatre,Ramses II. Usermaatre-Setepenre,-1290,-1213,-1251.5,
32821,G0280.100,1084,Sethos I. Menmaatre,Ramses II. Usermaatre-Setepenre,-1290,-1213,-1251.5,
32822,G0280.100,1084,Sethos I. Menmaatre,Ramses II. Usermaatre-Setepenre,-1290,-1213,-1251.5,
32928,G0280.100,1084,Sethos I. Menmaatre,Ramses II. Usermaatre-Setepenre,-1290,-1213,-1251.5,
17942,G0280.025,1228,Sethos I. Menmaatre,Ramses II. Usermaatre-Setepenre,-1290,-1213,-1251.5,
15374,G0280.100,1084,Sethos I. Menmaatre,Merenptah Baenre,-1290,-1203,-1246.5,
45687,G0280.050,1083,Ramses II. Usermaatre-Setepenre,Ramses II. Usermaatre-Setepenre,-1279,-1213,-1246,
45688,G0280.050,1083,Ramses II. Usermaatre-Setepenre,Ramses II. Usermaatre-Setepenre,-1279,-1213,-1246,
45689,G0280.050,1083,Ramses II. Usermaatre-Setepenre,Ramses II. Usermaatre-Setepenre,-1279,-1213,-1246,
45690,G0280.050,1083,Ramses II. Usermaatre-Setepenre,Ramses II. Usermaatre-Setepenre,-1279,-1213,-1246,
45691,G0280.050,1083,Ramses II. Usermaatre-Setepenre,Ramses II. Usermaatre-Setepenre,-1279,-1213,-1246,
46622,G0280.050,1083,Ramses II. Usermaatre-Setepenre,Ramses II. Usermaatre-Setepenre,-1279,-1213,-1246,
48121,G0280.050,1083,Ramses II. Usermaatre-Setepenre,Ramses II. Usermaatre-Setepenre,-1279,-1213,-1246,
29600,G0280.100,1084,Ramses II. Usermaatre-Setepenre,Ramses II. Usermaatre-Setepenre,-1279,-1213,-1246,
29601,G0280.100,1084,Ramses II. Usermaatre-Setepenre,Ramses II. Usermaatre-Setepenre,-1279,-1213,-1246,
29602,G0280.100,1084,Ramses II. Usermaatre-Setepenre,Ramses II. Usermaatre-Setepenre,-1279,-1213,-1246,
29603,G0280.100,1084,Ramses II. Usermaatre-Setepenre,Ramses II. Usermaatre-Setepenre,-1279,-1213,-1246,
37194,G0280.100,1084,Ramses II. Usermaatre-Setepenre,Ramses II. Usermaatre-Setepenre,-1279,-1213,-1246,
37195,G0280.100,1084,Ramses II. Usermaatre-Setepenre,Ramses II. Usermaatre-Setepenre,-1279,-1213,-1246,
17951,G0280.050,1083,19. Dynastie,19. Dynastie,-1292,-1189,-1240.5,
17966,G0280.050,1083,19. Dynastie,19. Dynastie,-1292,-1189,-1240.5,
40311,G0280.050,1083,19. Dynastie,19. Dynastie,-1292,-1189,-1240.5,
40312,G0280.050,1083,19. Dynastie,19. Dynastie,-1292,-1189,-1240.5,
45244,G0280.050,1083,19. Dynastie,19. Dynastie,-1292,-1189,-1240.5,
45529,G0280.050,1083,19. Dynastie,19. Dynastie,-1292,-1189,-1240.5,
45565,G0280.050,1083,19. Dynastie,19. Dynastie,-1292,-1189,-1240.5,
45567,G0280.050,1083,19. Dynastie,19. Dynastie,-1292,-1189,-1240.5,
45568,G0280.050,1083,19. Dynastie,19. Dynastie,-1292,-1189,-1240.5,
8006,G0280.100,1084,19. Dynastie,19. Dynastie,-1292,-1189,-1240.5,
15049,G0280.100,1084,19. Dynastie,19. Dynastie,-1292,-1189,-1240.5,
15050,G0280.100,1084,19. Dynastie,19. Dynastie,-1292,-1189,-1240.5,
15448,G0280.100,1084,19. Dynastie,19. Dynastie,-1292,-1189,-1240.5,
15449,G0280.100,1084,19. Dynastie,19. Dynastie,-1292,-1189,-1240.5,
44981,G0280.100,1084,19. Dynastie,19. Dynastie,-1292,-1189,-1240.5,
17967,G0280.025,1228,19. Dynastie,19. Dynastie,-1292,-1189,-1240.5,
17969,G0280.025,1228,19. Dynastie,19. Dynastie,-1292,-1189,-1240.5,
45566,G0280.075,1229,19. Dynastie,19. Dynastie,-1292,-1189,-1240.5,
14977,G0280.100,1084,Ramses II. Usermaatre-Setepenre,Tausret Satre-Meritamun,-1279,-1191,-1235,
14978,G0280.100,1084,Ramses II. Usermaatre-Setepenre,Tausret Satre-Meritamun,-1279,-1191,-1235,
14979,G0280.100,1084,Ramses II. Usermaatre-Setepenre,Tausret Satre-Meritamun,-1279,-1191,-1235,
14980,G0280.100,1084,Ramses II. Usermaatre-Setepenre,Tausret Satre-Meritamun,-1279,-1191,-1235,
36870,G0280.100,1084,Ramses II. Usermaatre-Setepenre,Ramses III. Usermaatre-Meriamun,-1279,-1157,-1218,
36871,G0280.100,1084,Ramses II. Usermaatre-Setepenre,Ramses III. Usermaatre-Meriamun,-1279,-1157,-1218,
8005,G0280.100,1084,Merenptah Baenre,Merenptah Baenre,-1213,-1203,-1208,
7085,G0280.100,1084,Sethos II. Usercheperure,Sethos II. Usercheperure,-1202,-1198,-1200,
8007,G0280.100,1084,Sethos II. Usercheperure,Sethos II. Usercheperure,-1202,-1198,-1200,
8008,G0280.100,1084,Sethos II. Usercheperure,Sethos II. Usercheperure,-1202,-1198,-1200,
8009,G0280.100,1084,Sethos II. Usercheperure,Sethos II. Usercheperure,-1202,-1198,-1200,
27748,G0280.100,1084,Sethos II. Usercheperure,Sethos II. Usercheperure,-1202,-1198,-1200,
50471,G0280.100,1084,Sethos II. Usercheperure,Sethos II. Usercheperure,-1202,-1198,-1200,
24396,G0280.100,1084,Siptah Achenre,Siptah Achenre,-1197,-1193,-1195,
24957,G0280.100,1084,Siptah Achenre,Siptah Achenre,-1197,-1193,-1195,
27844,G0280.100,1084,Siptah Achenre,Siptah Achenre,-1197,-1193,-1195,
27850,G0280.100,1084,Siptah Achenre,Siptah Achenre,-1197,-1193,-1195,
33126,G0280.100,1084,Siptah Achenre,Siptah Achenre,-1197,-1193,-1195,
24916,G0280.100,1084,Siptah Achenre,Tausret Satre-Meritamun,-1197,-1191,-1194,
24917,G0280.100,1084,Siptah Achenre,Tausret Satre-Meritamun,-1197,-1191,-1194,
27735,G0280.100,1084,Siptah Achenre,Tausret Satre-Meritamun,-1197,-1191,-1194,
27736,G0280.100,1084,Siptah Achenre,Tausret Satre-Meritamun,-1197,-1191,-1194,
32342,G0280.100,1084,Siptah Achenre,Tausret Satre-Meritamun,-1197,-1191,-1194,
32347,G0280.100,1084,Siptah Achenre,Tausret Satre-Meritamun,-1197,-1191,-1194,
43634,G0280.100,1084,Sethnacht Userchaure,Sethnacht Userchaure,-1190,-1188,-1189,
43635,G0280.100,1084,Sethnacht Userchaure,Sethnacht Userchaure,-1190,-1188,-1189,
43636,G0280.100,1084,Sethnacht Userchaure,Sethnacht Userchaure,-1190,-1188,-1189,
45209,G0280.050,1083,19. Dynastie,20. Dynastie,-1292,-1077,-1184.5,
45296,G0280.050,1083,19. Dynastie,20. Dynastie,-1292,-1077,-1184.5,
45328,G0280.050,1083,19. Dynastie,20. Dynastie,-1292,-1077,-1184.5,
45386,G0280.050,1083,19. Dynastie,20. Dynastie,-1292,-1077,-1184.5,
45387,G0280.050,1083,19. Dynastie,20. Dynastie,-1292,-1077,-1184.5,
45443,G0280.050,1083,19. Dynastie,20. Dynastie,-1292,-1077,-1184.5,
45444,G0280.050,1083,19. Dynastie,20. Dynastie,-1292,-1077,-1184.5,
45445,G0280.050,1083,19. Dynastie,20. Dynastie,-1292,-1077,-1184.5,
45446,G0280.050,1083,19. Dynastie,20. Dynastie,-1292,-1077,-1184.5,
45485,G0280.050,1083,19. Dynastie,20. Dynastie,-1292,-1077,-1184.5,
45500,G0280.050,1083,19. Dynastie,20. Dynastie,-1292,-1077,-1184.5,
46454,G0280.050,1083,19. Dynastie,20. Dynastie,-1292,-1077,-1184.5,
46511,G0280.050,1083,19. Dynastie,20. Dynastie,-1292,-1077,-1184.5,
46512,G0280.050,1083,19. Dynastie,20. Dynastie,-1292,-1077,-1184.5,
46549,G0280.050,1083,19. Dynastie,20. Dynastie,-1292,-1077,-1184.5,
46635,G0280.050,1083,19. Dynastie,20. Dynastie,-1292,-1077,-1184.5,
46636,G0280.050,1083,19. Dynastie,20. Dynastie,-1292,-1077,-1184.5,
46637,G0280.050,1083,19. Dynastie,20. Dynastie,-1292,-1077,-1184.5,
46720,G0280.050,1083,19. Dynastie,20. Dynastie,-1292,-1077,-1184.5,
46837,G0280.050,1083,19. Dynastie,20. Dynastie,-1292,-1077,-1184.5,
47011,G0280.050,1083,19. Dynastie,20. Dynastie,-1292,-1077,-1184.5,
47059,G0280.050,1083,19. Dynastie,20. Dynastie,-1292,-1077,-1184.5,
47060,G0280.050,1083,19. Dynastie,20. Dynastie,-1292,-1077,-1184.5,
47082,G0280.050,1083,19. Dynastie,20. Dynastie,-1292,-1077,-1184.5,
47464,G0280.050,1083,19. Dynastie,20. Dynastie,-1292,-1077,-1184.5,
47465,G0280.050,1083,19. Dynastie,20. Dynastie,-1292,-1077,-1184.5,
47471,G0280.050,1083,19. Dynastie,20. Dynastie,-1292,-1077,-1184.5,
47520,G0280.050,1083,19. Dynastie,20. Dynastie,-1292,-1077,-1184.5,
47528,G0280.050,1083,19. Dynastie,20. Dynastie,-1292,-1077,-1184.5,
47587,G0280.050,1083,19. Dynastie,20. Dynastie,-1292,-1077,-1184.5,
47588,G0280.050,1083,19. Dynastie,20. Dynastie,-1292,-1077,-1184.5,
47589,G0280.050,1083,19. Dynastie,20. Dynastie,-1292,-1077,-1184.5,
47730,G0280.050,1083,19. Dynastie,20. Dynastie,-1292,-1077,-1184.5,
47742,G0280.050,1083,19. Dynastie,20. Dynastie,-1292,-1077,-1184.5,
47865,G0280.050,1083,19. Dynastie,20. Dynastie,-1292,-1077,-1184.5,
47866,G0280.050,1083,19. Dynastie,20. Dynastie,-1292,-1077,-1184.5,
47913,G0280.050,1083,19. Dynastie,20. Dynastie,-1292,-1077,-1184.5,
47914,G0280.050,1083,19. Dynastie,20. Dynastie,-1292,-1077,-1184.5,
47931,G0280.050,1083,19. Dynastie,20. Dynastie,-1292,-1077,-1184.5,
47956,G0280.050,1083,19. Dynastie,20. Dynastie,-1292,-1077,-1184.5,
47966,G0280.050,1083,19. Dynastie,20. Dynastie,-1292,-1077,-1184.5,
47985,G0280.050,1083,19. Dynastie,20. Dynastie,-1292,-1077,-1184.5,
48017,G0280.050,1083,19. Dynastie,20. Dynastie,-1292,-1077,-1184.5,
48055,G0280.050,1083,19. Dynastie,20. Dynastie,-1292,-1077,-1184.5,
48295,G0280.050,1083,19. Dynastie,20. Dynastie,-1292,-1077,-1184.5,
48296,G0280.050,1083,19. Dynastie,20. Dynastie,-1292,-1077,-1184.5,
48297,G0280.050,1083,19. Dynastie,20. Dynastie,-1292,-1077,-1184.5,
48317,G0280.050,1083,19. Dynastie,20. Dynastie,-1292,-1077,-1184.5,
48333,G0280.050,1083,19. Dynastie,20. Dynastie,-1292,-1077,-1184.5,
48368,G0280.050,1083,19. Dynastie,20. Dynastie,-1292,-1077,-1184.5,
48500,G0280.050,1083,19. Dynastie,20. Dynastie,-1292,-1077,-1184.5,
48535,G0280.050,1083,19. Dynastie,20. Dynastie,-1292,-1077,-1184.5,
48536,G0280.050,1083,19. Dynastie,20. Dynastie,-1292,-1077,-1184.5,
48561,G0280.050,1083,19. Dynastie,20. Dynastie,-1292,-1077,-1184.5,
48596,G0280.050,1083,19. Dynastie,20. Dynastie,-1292,-1077,-1184.5,
48613,G0280.050,1083,19. Dynastie,20. Dynastie,-1292,-1077,-1184.5,
48614,G0280.050,1083,19. Dynastie,20. Dynastie,-1292,-1077,-1184.5,
48615,G0280.050,1083,19. Dynastie,20. Dynastie,-1292,-1077,-1184.5,
48616,G0280.050,1083,19. Dynastie,20. Dynastie,-1292,-1077,-1184.5,
48635,G0280.050,1083,19. Dynastie,20. Dynastie,-1292,-1077,-1184.5,
48655,G0280.050,1083,19. Dynastie,20. Dynastie,-1292,-1077,-1184.5,
48656,G0280.050,1083,19. Dynastie,20. Dynastie,-1292,-1077,-1184.5,
48772,G0280.050,1083,19. Dynastie,20. Dynastie,-1292,-1077,-1184.5,
48777,G0280.050,1083,19. Dynastie,20. Dynastie,-1292,-1077,-1184.5,
48844,G0280.050,1083,19. Dynastie,20. Dynastie,-1292,-1077,-1184.5,
48885,G0280.050,1083,19. Dynastie,20. Dynastie,-1292,-1077,-1184.5,
48886,G0280.050,1083,19. Dynastie,20. Dynastie,-1292,-1077,-1184.5,
48909,G0280.050,1083,19. Dynastie,20. Dynastie,-1292,-1077,-1184.5,
48910,G0280.050,1083,19. Dynastie,20. Dynastie,-1292,-1077,-1184.5,
48940,G0280.050,1083,19. Dynastie,20. Dynastie,-1292,-1077,-1184.5,
48957,G0280.050,1083,19. Dynastie,20. Dynastie,-1292,-1077,-1184.5,
49001,G0280.050,1083,19. Dynastie,20. Dynastie,-1292,-1077,-1184.5,
49031,G0280.050,1083,19. Dynastie,20. Dynastie,-1292,-1077,-1184.5,
49032,G0280.050,1083,19. Dynastie,20. Dynastie,-1292,-1077,-1184.5,
49288,G0280.050,1083,19. Dynastie,20. Dynastie,-1292,-1077,-1184.5,
49409,G0280.050,1083,19. Dynastie,20. Dynastie,-1292,-1077,-1184.5,
49428,G0280.050,1083,19. Dynastie,20. Dynastie,-1292,-1077,-1184.5,
49479,G0280.050,1083,19. Dynastie,20. Dynastie,-1292,-1077,-1184.5,
49480,G0280.050,1083,19. Dynastie,20. Dynastie,-1292,-1077,-1184.5,
49610,G0280.050,1083,19. Dynastie,20. Dynastie,-1292,-1077,-1184.5,
49667,G0280.050,1083,19. Dynastie,20. Dynastie,-1292,-1077,-1184.5,
49891,G0280.050,1083,19. Dynastie,20. Dynastie,-1292,-1077,-1184.5,
49967,G0280.050,1083,19. Dynastie,20. Dynastie,-1292,-1077,-1184.5,
49968,G0280.050,1083,19. Dynastie,20. Dynastie,-1292,-1077,-1184.5,
50207,G0280.050,1083,19. Dynastie,20. Dynastie,-1292,-1077,-1184.5,
50208,G0280.050,1083,19. Dynastie,20. Dynastie,-1292,-1077,-1184.5,
50209,G0280.050,1083,19. Dynastie,20. Dynastie,-1292,-1077,-1184.5,
50210,G0280.050,1083,19. Dynastie,20. Dynastie,-1292,-1077,-1184.5,
50361,G0280.050,1083,19. Dynastie,20. Dynastie,-1292,-1077,-1184.5,
50362,G0280.050,1083,19. Dynastie,20. Dynastie,-1292,-1077,-1184.5,
50363,G0280.050,1083,19. Dynastie,20. Dynastie,-1292,-1077,-1184.5,
50364,G0280.050,1083,19. Dynastie,20. Dynastie,-1292,-1077,-1184.5,
50365,G0280.050,1083,19. Dynastie,20. Dynastie,-1292,-1077,-1184.5,
50366,G0280.050,1083,19. Dynastie,20. Dynastie,-1292,-1077,-1184.5,
50367,G0280.050,1083,19. Dynastie,20. Dynastie,-1292,-1077,-1184.5,
50517,G0280.050,1083,19. Dynastie,20. Dynastie,-1292,-1077,-1184.5,
50549,G0280.050,1083,19. Dynastie,20. Dynastie,-1292,-1077,-1184.5,
50645,G0280.050,1083,19. Dynastie,20. Dynastie,-1292,-1077,-1184.5,
50646,G0280.050,1083,19. Dynastie,20. Dynastie,-1292,-1077,-1184.5,
50732,G0280.050,1083,19. Dynastie,20. Dynastie,-1292,-1077,-1184.5,
50733,G0280.050,1083,19. Dynastie,20. Dynastie,-1292,-1077,-1184.5,
50837,G0280.050,1083,19. Dynastie,20. Dynastie,-1292,-1077,-1184.5,
50850,G0280.050,1083,19. Dynastie,20. Dynastie,-1292,-1077,-1184.5,
50864,G0280.050,1083,19. Dynastie,20. Dynastie,-1292,-1077,-1184.5,
50875,G0280.050,1083,19. Dynastie,20. Dynastie,-1292,-1077,-1184.5,
50902,G0280.050,1083,19. Dynastie,20. Dynastie,-1292,-1077,-1184.5,
50927,G0280.050,1083,19. Dynastie,20. Dynastie,-1292,-1077,-1184.5,
50973,G0280.050,1083,19. Dynastie,20. Dynastie,-1292,-1077,-1184.5,
50974,G0280.050,1083,19. Dynastie,20. Dynastie,-1292,-1077,-1184.5,
52066,G0280.050,1083,19. Dynastie,20. Dynastie,-1292,-1077,-1184.5,
52067,G0280.050,1083,19. Dynastie,20. Dynastie,-1292,-1077,-1184.5,
52140,G0280.050,1083,19. Dynastie,20. Dynastie,-1292,-1077,-1184.5,
52174,G0280.050,1083,19. Dynastie,20. Dynastie,-1292,-1077,-1184.5,
33509,G0280.100,1084,19. Dynastie,20. Dynastie,-1292,-1077,-1184.5,
33553,G0280.100,1084,19. Dynastie,20. Dynastie,-1292,-1077,-1184.5,
33698,G0280.100,1084,19. Dynastie,20. Dynastie,-1292,-1077,-1184.5,
33835,G0280.100,1084,19. Dynastie,20. Dynastie,-1292,-1077,-1184.5,
45052,G0280.100,1084,19. Dynastie,20. Dynastie,-1292,-1077,-1184.5,
45053,G0280.100,1084,19. Dynastie,20. Dynastie,-1292,-1077,-1184.5,
47012,G0280.100,1084,19. Dynastie,20. Dynastie,-1292,-1077,-1184.5,
48420,G0280.100,1084,19. Dynastie,20. Dynastie,-1292,-1077,-1184.5,
48597,G0280.100,1084,19. Dynastie,20. Dynastie,-1292,-1077,-1184.5,
50805,G0280.100,1084,19. Dynastie,20. Dynastie,-1292,-1077,-1184.5,
48195,G0280.050,1083,Ramses III. Usermaatre-Meriamun,Ramses III. Usermaatre-Meriamun,-1187,-1157,-1172,
48243,G0280.050,1083,Ramses III. Usermaatre-Meriamun,Ramses III. Usermaatre-Meriamun,-1187,-1157,-1172,
48244,G0280.050,1083,Ramses III. Usermaatre-Meriamun,Ramses III. Usermaatre-Meriamun,-1187,-1157,-1172,
51674,G0280.050,1083,Ramses III. Usermaatre-Meriamun,Ramses III. Usermaatre-Meriamun,-1187,-1157,-1172,
51676,G0280.050,1083,Ramses III. Usermaatre-Meriamun,Ramses III. Usermaatre-Meriamun,-1187,-1157,-1172,
51680,G0280.050,1083,Ramses III. Usermaatre-Meriamun,Ramses III. Usermaatre-Meriamun,-1187,-1157,-1172,
51681,G0280.050,1083,Ramses III. Usermaatre-Meriamun,Ramses III. Usermaatre-Meriamun,-1187,-1157,-1172,
51682,G0280.050,1083,Ramses III. Usermaatre-Meriamun,Ramses III. Usermaatre-Meriamun,-1187,-1157,-1172,
51683,G0280.050,1083,Ramses III. Usermaatre-Meriamun,Ramses III. Usermaatre-Meriamun,-1187,-1157,-1172,
51685,G0280.050,1083,Ramses III. Usermaatre-Meriamun,Ramses III. Usermaatre-Meriamun,-1187,-1157,-1172,
51686,G0280.050,1083,Ramses III. Usermaatre-Meriamun,Ramses III. Usermaatre-Meriamun,-1187,-1157,-1172,
14653,G0280.100,1084,Ramses III. Usermaatre-Meriamun,Ramses III. Usermaatre-Meriamun,-1187,-1157,-1172,
15008,G0280.100,1084,Ramses III. Usermaatre-Meriamun,Ramses III. Usermaatre-Meriamun,-1187,-1157,-1172,
16913,G0280.100,1084,Ramses III. Usermaatre-Meriamun,Ramses III. Usermaatre-Meriamun,-1187,-1157,-1172,
16914,G0280.100,1084,Ramses III. Usermaatre-Meriamun,Ramses III. Usermaatre-Meriamun,-1187,-1157,-1172,
17074,G0280.100,1084,Ramses III. Usermaatre-Meriamun,Ramses III. Usermaatre-Meriamun,-1187,-1157,-1172,
23171,G0280.100,1084,Ramses III. Usermaatre-Meriamun,Ramses III. Usermaatre-Meriamun,-1187,-1157,-1172,
23218,G0280.100,1084,Ramses III. Usermaatre-Meriamun,Ramses III. Usermaatre-Meriamun,-1187,-1157,-1172,
29447,G0280.100,1084,Ramses III. Usermaatre-Meriamun,Ramses III. Usermaatre-Meriamun,-1187,-1157,-1172,
29633,G0280.100,1084,Ramses III. Usermaatre-Meriamun,Ramses III. Usermaatre-Meriamun,-1187,-1157,-1172,
29634,G0280.100,1084,Ramses III. Usermaatre-Meriamun,Ramses III. Usermaatre-Meriamun,-1187,-1157,-1172,
29648,G0280.100,1084,Ramses III. Usermaatre-Meriamun,Ramses III. Usermaatre-Meriamun,-1187,-1157,-1172,
32115,G0280.100,1084,Ramses III. Usermaatre-Meriamun,Ramses III. Usermaatre-Meriamun,-1187,-1157,-1172,
32116,G0280.100,1084,Ramses III. Usermaatre-Meriamun,Ramses III. Usermaatre-Meriamun,-1187,-1157,-1172,
32117,G0280.100,1084,Ramses III. Usermaatre-Meriamun,Ramses III. Usermaatre-Meriamun,-1187,-1157,-1172,
32118,G0280.100,1084,Ramses III. Usermaatre-Meriamun,Ramses III. Usermaatre-Meriamun,-1187,-1157,-1172,
32119,G0280.100,1084,Ramses III. Usermaatre-Meriamun,Ramses III. Usermaatre-Meriamun,-1187,-1157,-1172,
32121,G0280.100,1084,Ramses III. Usermaatre-Meriamun,Ramses III. Usermaatre-Meriamun,-1187,-1157,-1172,
32122,G0280.100,1084,Ramses III. Usermaatre-Meriamun,Ramses III. Usermaatre-Meriamun,-1187,-1157,-1172,
32123,G0280.100,1084,Ramses III. Usermaatre-Meriamun,Ramses III. Usermaatre-Meriamun,-1187,-1157,-1172,
32124,G0280.100,1084,Ramses III. Usermaatre-Meriamun,Ramses III. Usermaatre-Meriamun,-1187,-1157,-1172,
32125,G0280.100,1084,Ramses III. Usermaatre-Meriamun,Ramses III. Usermaatre-Meriamun,-1187,-1157,-1172,
32194,G0280.100,1084,Ramses III. Usermaatre-Meriamun,Ramses III. Usermaatre-Meriamun,-1187,-1157,-1172,
32195,G0280.100,1084,Ramses III. Usermaatre-Meriamun,Ramses III. Usermaatre-Meriamun,-1187,-1157,-1172,
32196,G0280.100,1084,Ramses III. Usermaatre-Meriamun,Ramses III. Usermaatre-Meriamun,-1187,-1157,-1172,
32197,G0280.100,1084,Ramses III. Usermaatre-Meriamun,Ramses III. Usermaatre-Meriamun,-1187,-1157,-1172,
32198,G0280.100,1084,Ramses III. Usermaatre-Meriamun,Ramses III. Usermaatre-Meriamun,-1187,-1157,-1172,
33172,G0280.100,1084,Ramses III. Usermaatre-Meriamun,Ramses III. Usermaatre-Meriamun,-1187,-1157,-1172,
33205,G0280.100,1084,Ramses III. Usermaatre-Meriamun,Ramses III. Usermaatre-Meriamun,-1187,-1157,-1172,
36237,G0280.100,1084,Ramses III. Usermaatre-Meriamun,Ramses III. Usermaatre-Meriamun,-1187,-1157,-1172,
36238,G0280.100,1084,Ramses III. Usermaatre-Meriamun,Ramses III. Usermaatre-Meriamun,-1187,-1157,-1172,
36344,G0280.100,1084,Ramses III. Usermaatre-Meriamun,Ramses III. Usermaatre-Meriamun,-1187,-1157,-1172,
36345,G0280.100,1084,Ramses III. Usermaatre-Meriamun,Ramses III. Usermaatre-Meriamun,-1187,-1157,-1172,
36346,G0280.100,1084,Ramses III. Usermaatre-Meriamun,Ramses III. Usermaatre-Meriamun,-1187,-1157,-1172,
36347,G0280.100,1084,Ramses III. Usermaatre-Meriamun,Ramses III. Usermaatre-Meriamun,-1187,-1157,-1172,
36348,G0280.100,1084,Ramses III. Usermaatre-Meriamun,Ramses III. Usermaatre-Meriamun,-1187,-1157,-1172,
36434,G0280.100,1084,Ramses III. Usermaatre-Meriamun,Ramses III. Usermaatre-Meriamun,-1187,-1157,-1172,
36435,G0280.100,1084,Ramses III. Usermaatre-Meriamun,Ramses III. Usermaatre-Meriamun,-1187,-1157,-1172,
36436,G0280.100,1084,Ramses III. Usermaatre-Meriamun,Ramses III. Usermaatre-Meriamun,-1187,-1157,-1172,
36476,G0280.100,1084,Ramses III. Usermaatre-Meriamun,Ramses III. Usermaatre-Meriamun,-1187,-1157,-1172,
36477,G0280.100,1084,Ramses III. Usermaatre-Meriamun,Ramses III. Usermaatre-Meriamun,-1187,-1157,-1172,
36478,G0280.100,1084,Ramses III. Usermaatre-Meriamun,Ramses III. Usermaatre-Meriamun,-1187,-1157,-1172,
36646,G0280.100,1084,Ramses III. Usermaatre-Meriamun,Ramses III. Usermaatre-Meriamun,-1187,-1157,-1172,
36688,G0280.100,1084,Ramses III. Usermaatre-Meriamun,Ramses III. Usermaatre-Meriamun,-1187,-1157,-1172,
36689,G0280.100,1084,Ramses III. Usermaatre-Meriamun,Ramses III. Usermaatre-Meriamun,-1187,-1157,-1172,
37624,G0280.100,1084,Ramses III. Usermaatre-Meriamun,Ramses III. Usermaatre-Meriamun,-1187,-1157,-1172,
37669,G0280.100,1084,Ramses III. Usermaatre-Meriamun,Ramses III. Usermaatre-Meriamun,-1187,-1157,-1172,
51675,G0280.100,1084,Ramses III. Usermaatre-Meriamun,Ramses III. Usermaatre-Meriamun,-1187,-1157,-1172,
51678,G0280.100,1084,Ramses III. Usermaatre-Meriamun,Ramses III. Usermaatre-Meriamun,-1187,-1157,-1172,
51679,G0280.100,1084,Ramses III. Usermaatre-Meriamun,Ramses III. Usermaatre-Meriamun,-1187,-1157,-1172,
51684,G0280.100,1084,Ramses III. Usermaatre-Meriamun,Ramses III. Usermaatre-Meriamun,-1187,-1157,-1172,
9026,G0280.150,1085,Ramses III. Usermaatre-Meriamun,Ramses III. Usermaatre-Meriamun,-1187,-1157,-1172,
9087,G0280.150,1085,Ramses III. Usermaatre-Meriamun,Ramses III. Usermaatre-Meriamun,-1187,-1157,-1172,
9118,G0280.150,1085,Ramses III. Usermaatre-Meriamun,Ramses III. Usermaatre-Meriamun,-1187,-1157,-1172,
9119,G0280.150,1085,Ramses III. Usermaatre-Meriamun,Ramses III. Usermaatre-Meriamun,-1187,-1157,-1172,
9121,G0280.150,1085,Ramses III. Usermaatre-Meriamun,Ramses III. Usermaatre-Meriamun,-1187,-1157,-1172,
9159,G0280.150,1085,Ramses III. Usermaatre-Meriamun,Ramses III. Usermaatre-Meriamun,-1187,-1157,-1172,
9160,G0280.150,1085,Ramses III. Usermaatre-Meriamun,Ramses III. Usermaatre-Meriamun,-1187,-1157,-1172,
9161,G0280.150,1085,Ramses III. Usermaatre-Meriamun,Ramses III. Usermaatre-Meriamun,-1187,-1157,-1172,
14595,G0280.150,1085,Ramses III. Usermaatre-Meriamun,Ramses III. Usermaatre-Meriamun,-1187,-1157,-1172,
14596,G0280.150,1085,Ramses III. Usermaatre-Meriamun,Ramses III. Usermaatre-Meriamun,-1187,-1157,-1172,
14597,G0280.150,1085,Ramses III. Usermaatre-Meriamun,Ramses III. Usermaatre-Meriamun,-1187,-1157,-1172,
14598,G0280.150,1085,Ramses III. Usermaatre-Meriamun,Ramses III. Usermaatre-Meriamun,-1187,-1157,-1172,
14654,G0280.150,1085,Ramses III. Usermaatre-Meriamun,Ramses III. Usermaatre-Meriamun,-1187,-1157,-1172,
15005,G0280.150,1085,Ramses III. Usermaatre-Meriamun,Ramses III. Usermaatre-Meriamun,-1187,-1157,-1172,
15007,G0280.150,1085,Ramses III. Usermaatre-Meriamun,Ramses III. Usermaatre-Meriamun,-1187,-1157,-1172,
23169,G0280.150,1085,Ramses III. Usermaatre-Meriamun,Ramses III. Usermaatre-Meriamun,-1187,-1157,-1172,
23170,G0280.150,1085,Ramses III. Usermaatre-Meriamun,Ramses III. Usermaatre-Meriamun,-1187,-1157,-1172,
29022,G0280.150,1085,Ramses III. Usermaatre-Meriamun,Ramses III. Usermaatre-Meriamun,-1187,-1157,-1172,
29023,G0280.150,1085,Ramses III. Usermaatre-Meriamun,Ramses III. Usermaatre-Meriamun,-1187,-1157,-1172,
29024,G0280.150,1085,Ramses III. Usermaatre-Meriamun,Ramses III. Usermaatre-Meriamun,-1187,-1157,-1172,
29025,G0280.150,1085,Ramses III. Usermaatre-Meriamun,Ramses III. Usermaatre-Meriamun,-1187,-1157,-1172,
29293,G0280.150,1085,Ramses III. Usermaatre-Meriamun,Ramses III. Usermaatre-Meriamun,-1187,-1157,-1172,
29395,G0280.150,1085,Ramses III. Usermaatre-Meriamun,Ramses III. Usermaatre-Meriamun,-1187,-1157,-1172,
29429,G0280.150,1085,Ramses III. Usermaatre-Meriamun,Ramses III. Usermaatre-Meriamun,-1187,-1157,-1172,
29506,G0280.150,1085,Ramses III. Usermaatre-Meriamun,Ramses III. Usermaatre-Meriamun,-1187,-1157,-1172,
29507,G0280.150,1085,Ramses III. Usermaatre-Meriamun,Ramses III. Usermaatre-Meriamun,-1187,-1157,-1172,
29775,G0280.150,1085,Ramses III. Usermaatre-Meriamun,Ramses III. Usermaatre-Meriamun,-1187,-1157,-1172,
29823,G0280.150,1085,Ramses III. Usermaatre-Meriamun,Ramses III. Usermaatre-Meriamun,-1187,-1157,-1172,
29898,G0280.150,1085,Ramses III. Usermaatre-Meriamun,Ramses III. Usermaatre-Meriamun,-1187,-1157,-1172,
29899,G0280.150,1085,Ramses III. Usermaatre-Meriamun,Ramses III. Usermaatre-Meriamun,-1187,-1157,-1172,
29900,G0280.150,1085,Ramses III. Usermaatre-Meriamun,Ramses III. Usermaatre-Meriamun,-1187,-1157,-1172,
29901,G0280.150,1085,Ramses III. Usermaatre-Meriamun,Ramses III. Usermaatre-Meriamun,-1187,-1157,-1172,
29902,G0280.150,1085,Ramses III. Usermaatre-Meriamun,Ramses III. Usermaatre-Meriamun,-1187,-1157,-1172,
31373,G0280.150,1085,Ramses III. Usermaatre-Meriamun,Ramses III. Usermaatre-Meriamun,-1187,-1157,-1172,
32786,G0280.150,1085,Ramses III. Usermaatre-Meriamun,Ramses III. Usermaatre-Meriamun,-1187,-1157,-1172,
32787,G0280.150,1085,Ramses III. Usermaatre-Meriamun,Ramses III. Usermaatre-Meriamun,-1187,-1157,-1172,
32788,G0280.150,1085,Ramses III. Usermaatre-Meriamun,Ramses III. Usermaatre-Meriamun,-1187,-1157,-1172,
33065,G0280.150,1085,Ramses III. Usermaatre-Meriamun,Ramses III. Usermaatre-Meriamun,-1187,-1157,-1172,
33066,G0280.150,1085,Ramses III. Usermaatre-Meriamun,Ramses III. Usermaatre-Meriamun,-1187,-1157,-1172,
33067,G0280.150,1085,Ramses III. Usermaatre-Meriamun,Ramses III. Usermaatre-Meriamun,-1187,-1157,-1172,
33068,G0280.150,1085,Ramses III. Usermaatre-Meriamun,Ramses III. Usermaatre-Meriamun,-1187,-1157,-1172,
33069,G0280.150,1085,Ramses III. Usermaatre-Meriamun,Ramses III. Usermaatre-Meriamun,-1187,-1157,-1172,
33070,G0280.150,1085,Ramses III. Usermaatre-Meriamun,Ramses III. Usermaatre-Meriamun,-1187,-1157,-1172,
33171,G0280.150,1085,Ramses III. Usermaatre-Meriamun,Ramses III. Usermaatre-Meriamun,-1187,-1157,-1172,
33206,G0280.150,1085,Ramses III. Usermaatre-Meriamun,Ramses III. Usermaatre-Meriamun,-1187,-1157,-1172,
48196,G0280.150,1085,Ramses III. Usermaatre-Meriamun,Ramses III. Usermaatre-Meriamun,-1187,-1157,-1172,
51677,G0280.150,1085,Ramses III. Usermaatre-Meriamun,Ramses III. Usermaatre-Meriamun,-1187,-1157,-1172,
15308,G0280.100,1084,Ramses IV. Usermaatre-Setepenamun,Ramses IV. Usermaatre-Setepenamun,-1156,-1150,-1153,
15309,G0280.100,1084,Ramses IV. Usermaatre-Setepenamun,Ramses IV. Usermaatre-Setepenamun,-1156,-1150,-1153,
16986,G0280.100,1084,Ramses IV. Usermaatre-Setepenamun,Ramses IV. Usermaatre-Setepenamun,-1156,-1150,-1153,
23250,G0280.100,1084,Ramses IV. Usermaatre-Setepenamun,Ramses IV. Usermaatre-Setepenamun,-1156,-1150,-1153,
23251,G0280.100,1084,Ramses IV. Usermaatre-Setepenamun,Ramses IV. Usermaatre-Setepenamun,-1156,-1150,-1153,
24235,G0280.100,1084,Ramses IV. Usermaatre-Setepenamun,Ramses IV. Usermaatre-Setepenamun,-1156,-1150,-1153,
24278,G0280.100,1084,Ramses IV. Usermaatre-Setepenamun,Ramses IV. Usermaatre-Setepenamun,-1156,-1150,-1153,
24279,G0280.100,1084,Ramses IV. Usermaatre-Setepenamun,Ramses IV. Usermaatre-Setepenamun,-1156,-1150,-1153,
24280,G0280.100,1084,Ramses IV. Usermaatre-Setepenamun,Ramses IV. Usermaatre-Setepenamun,-1156,-1150,-1153,
24281,G0280.100,1084,Ramses IV. Usermaatre-Setepenamun,Ramses IV. Usermaatre-Setepenamun,-1156,-1150,-1153,
24282,G0280.100,1084,Ramses IV. Usermaatre-Setepenamun,Ramses IV. Usermaatre-Setepenamun,-1156,-1150,-1153,
24283,G0280.100,1084,Ramses IV. Usermaatre-Setepenamun,Ramses IV. Usermaatre-Setepenamun,-1156,-1150,-1153,
24284,G0280.100,1084,Ramses IV. Usermaatre-Setepenamun,Ramses IV. Usermaatre-Setepenamun,-1156,-1150,-1153,
24285,G0280.100,1084,Ramses IV. Usermaatre-Setepenamun,Ramses IV. Usermaatre-Setepenamun,-1156,-1150,-1153,
24286,G0280.100,1084,Ramses IV. Usermaatre-Setepenamun,Ramses IV. Usermaatre-Setepenamun,-1156,-1150,-1153,
24287,G0280.100,1084,Ramses IV. Usermaatre-Setepenamun,Ramses IV. Usermaatre-Setepenamun,-1156,-1150,-1153,
28853,G0280.100,1084,Ramses IV. Usermaatre-Setepenamun,Ramses IV. Usermaatre-Setepenamun,-1156,-1150,-1153,
28905,G0280.100,1084,Ramses IV. Usermaatre-Setepenamun,Ramses IV. Usermaatre-Setepenamun,-1156,-1150,-1153,
32340,G0280.100,1084,Ramses IV. Usermaatre-Setepenamun,Ramses IV. Usermaatre-Setepenamun,-1156,-1150,-1153,
34797,G0280.100,1084,Ramses IV. Usermaatre-Setepenamun,Ramses IV. Usermaatre-Setepenamun,-1156,-1150,-1153,
34855,G0280.100,1084,Ramses IV. Usermaatre-Setepenamun,Ramses IV. Usermaatre-Setepenamun,-1156,-1150,-1153,
36196,G0280.100,1084,Ramses IV. Usermaatre-Setepenamun,Ramses IV. Usermaatre-Setepenamun,-1156,-1150,-1153,
36197,G0280.100,1084,Ramses IV. Usermaatre-Setepenamun,Ramses IV. Usermaatre-Setepenamun,-1156,-1150,-1153,
36198,G0280.100,1084,Ramses IV. Usermaatre-Setepenamun,Ramses IV. Usermaatre-Setepenamun,-1156,-1150,-1153,
36618,G0280.100,1084,Ramses IV. Usermaatre-Setepenamun,Ramses IV. Usermaatre-Setepenamun,-1156,-1150,-1153,
36956,G0280.100,1084,Ramses IV. Usermaatre-Setepenamun,Ramses IV. Usermaatre-Setepenamun,-1156,-1150,-1153,
36970,G0280.100,1084,Ramses IV. Usermaatre-Setepenamun,Ramses IV. Usermaatre-Setepenamun,-1156,-1150,-1153,
37091,G0280.100,1084,Ramses IV. Usermaatre-Setepenamun,Ramses IV. Usermaatre-Setepenamun,-1156,-1150,-1153,
37106,G0280.100,1084,Ramses IV. Usermaatre-Setepenamun,Ramses IV. Usermaatre-Setepenamun,-1156,-1150,-1153,
37107,G0280.100,1084,Ramses IV. Usermaatre-Setepenamun,Ramses IV. Usermaatre-Setepenamun,-1156,-1150,-1153,
37170,G0280.100,1084,Ramses IV. Usermaatre-Setepenamun,Ramses IV. Usermaatre-Setepenamun,-1156,-1150,-1153,
37171,G0280.100,1084,Ramses IV. Usermaatre-Setepenamun,Ramses IV. Usermaatre-Setepenamun,-1156,-1150,-1153,
37255,G0280.100,1084,Ramses IV. Usermaatre-Setepenamun,Ramses IV. Usermaatre-Setepenamun,-1156,-1150,-1153,
37276,G0280.100,1084,Ramses IV. Usermaatre-Setepenamun,Ramses IV. Usermaatre-Setepenamun,-1156,-1150,-1153,
37277,G0280.100,1084,Ramses IV. Usermaatre-Setepenamun,Ramses IV. Usermaatre-Setepenamun,-1156,-1150,-1153,
37278,G0280.100,1084,Ramses IV. Usermaatre-Setepenamun,Ramses IV. Usermaatre-Setepenamun,-1156,-1150,-1153,
37279,G0280.100,1084,Ramses IV. Usermaatre-Setepenamun,Ramses IV. Usermaatre-Setepenamun,-1156,-1150,-1153,
37280,G0280.100,1084,Ramses IV. Usermaatre-Setepenamun,Ramses IV. Usermaatre-Setepenamun,-1156,-1150,-1153,
37281,G0280.100,1084,Ramses IV. Usermaatre-Setepenamun,Ramses IV. Usermaatre-Setepenamun,-1156,-1150,-1153,
37285,G0280.100,1084,Ramses IV. Usermaatre-Setepenamun,Ramses IV. Usermaatre-Setepenamun,-1156,-1150,-1153,
32262,G0280.150,1085,Ramses IV. Usermaatre-Setepenamun,Ramses IV. Usermaatre-Setepenamun,-1156,-1150,-1153,
27413,G0280.100,1084,Ramses IV. Usermaatre-Setepenamun,Ramses V. Usermaatre-Secheperenre,-1156,-1146,-1151,
17140,G0280.100,1084,Ramses IV. Usermaatre-Setepenamun,Ramses VII. Usermaatre-Meriamun-Setepenre,-1156,-1131,-1143.5,
17141,G0280.100,1084,Ramses IV. Usermaatre-Setepenamun,Ramses VII. Usermaatre-Meriamun-Setepenre,-1156,-1131,-1143.5,
17142,G0280.100,1084,Ramses IV. Usermaatre-Setepenamun,Ramses VII. Usermaatre-Meriamun-Setepenre,-1156,-1131,-1143.5,
17143,G0280.100,1084,Ramses IV. Usermaatre-Setepenamun,Ramses VII. Usermaatre-Meriamun-Setepenre,-1156,-1131,-1143.5,
33229,G0280.100,1084,Ramses VI. Nebmaatre-Meriamun,Ramses VI. Nebmaatre-Meriamun,-1145,-1139,-1142,
33230,G0280.100,1084,Ramses VI. Nebmaatre-Meriamun,Ramses VI. Nebmaatre-Meriamun,-1145,-1139,-1142,
33231,G0280.100,1084,Ramses VI. Nebmaatre-Meriamun,Ramses VI. Nebmaatre-Meriamun,-1145,-1139,-1142,
43713,G0280.100,1084,Ramses VII. Usermaatre-Meriamun-Setepenre,Ramses VII. Usermaatre-Meriamun-Setepenre,-1138,-1131,-1134.5,
10440,G0280.100,1084,20. Dynastie,20. Dynastie,-1189,-1077,-1133,
10441,G0280.100,1084,20. Dynastie,20. Dynastie,-1189,-1077,-1133,
10507,G0280.100,1084,20. Dynastie,20. Dynastie,-1189,-1077,-1133,
10508,G0280.100,1084,20. Dynastie,20. Dynastie,-1189,-1077,-1133,
10509,G0280.100,1084,20. Dynastie,20. Dynastie,-1189,-1077,-1133,
10842,G0280.100,1084,20. Dynastie,20. Dynastie,-1189,-1077,-1133,
23361,G0280.100,1084,20. Dynastie,20. Dynastie,-1189,-1077,-1133,
23362,G0280.100,1084,20. Dynastie,20. Dynastie,-1189,-1077,-1133,
23363,G0280.100,1084,20. Dynastie,20. Dynastie,-1189,-1077,-1133,
23364,G0280.100,1084,20. Dynastie,20. Dynastie,-1189,-1077,-1133,
25168,G0280.100,1084,20. Dynastie,20. Dynastie,-1189,-1077,-1133,
31356,G0280.100,1084,20. Dynastie,20. Dynastie,-1189,-1077,-1133,
33531,G0280.100,1084,20. Dynastie,20. Dynastie,-1189,-1077,-1133,
43204,G0280.100,1084,20. Dynastie,20. Dynastie,-1189,-1077,-1133,
43205,G0280.100,1084,20. Dynastie,20. Dynastie,-1189,-1077,-1133,
43359,G0280.100,1084,20. Dynastie,20. Dynastie,-1189,-1077,-1133,
44713,G0280.100,1084,20. Dynastie,20. Dynastie,-1189,-1077,-1133,
44870,G0280.100,1084,20. Dynastie,20. Dynastie,-1189,-1077,-1133,
44871,G0280.100,1084,20. Dynastie,20. Dynastie,-1189,-1077,-1133,
44872,G0280.100,1084,20. Dynastie,20. Dynastie,-1189,-1077,-1133,
50090,G0280.100,1084,20. Dynastie,20. Dynastie,-1189,-1077,-1133,
50091,G0280.100,1084,20. Dynastie,20. Dynastie,-1189,-1077,-1133,
50092,G0280.100,1084,20. Dynastie,20. Dynastie,-1189,-1077,-1133,
50130,G0280.100,1084,20. Dynastie,20. Dynastie,-1189,-1077,-1133,
50131,G0280.100,1084,20. Dynastie,20. Dynastie,-1189,-1077,-1133,
50146,G0280.100,1084,20. Dynastie,20. Dynastie,-1189,-1077,-1133,
50147,G0280.100,1084,20. Dynastie,20. Dynastie,-1189,-1077,-1133,
50289,G0280.100,1084,20. Dynastie,20. Dynastie,-1189,-1077,-1133,
50616,G0280.100,1084,20. Dynastie,20. Dynastie,-1189,-1077,-1133,
50617,G0280.100,1084,20. Dynastie,20. Dynastie,-1189,-1077,-1133,
50985,G0280.100,1084,20. Dynastie,20. Dynastie,-1189,-1077,-1133,
51990,G0280.100,1084,20. Dynastie,20. Dynastie,-1189,-1077,-1133,
10564,G0280.100,1084,Ramses IX. Neferkare-Setepenre,Ramses IX. Neferkare-Setepenre,-1129,-1111,-1120,
10565,G0280.100,1084,Ramses IX. Neferkare-Setepenre,Ramses IX. Neferkare-Setepenre,-1129,-1111,-1120,
10566,G0280.100,1084,Ramses IX. Neferkare-Setepenre,Ramses IX. Neferkare-Setepenre,-1129,-1111,-1120,
10567,G0280.100,1084,Ramses IX. Neferkare-Setepenre,Ramses IX. Neferkare-Setepenre,-1129,-1111,-1120,
10568,G0280.100,1084,Ramses IX. Neferkare-Setepenre,Ramses IX. Neferkare-Setepenre,-1129,-1111,-1120,
27922,G0280.100,1084,Ramses IX. Neferkare-Setepenre,Ramses IX. Neferkare-Setepenre,-1129,-1111,-1120,
27976,G0280.100,1084,Ramses IX. Neferkare-Setepenre,Ramses IX. Neferkare-Setepenre,-1129,-1111,-1120,
32962,G0280.100,1084,Ramses IX. Neferkare-Setepenre,Ramses IX. Neferkare-Setepenre,-1129,-1111,-1120,
32963,G0280.100,1084,Ramses IX. Neferkare-Setepenre,Ramses IX. Neferkare-Setepenre,-1129,-1111,-1120,
32964,G0280.100,1084,Ramses IX. Neferkare-Setepenre,Ramses IX. Neferkare-Setepenre,-1129,-1111,-1120,
32965,G0280.100,1084,Ramses IX. Neferkare-Setepenre,Ramses IX. Neferkare-Setepenre,-1129,-1111,-1120,
32966,G0280.100,1084,Ramses IX. Neferkare-Setepenre,Ramses IX. Neferkare-Setepenre,-1129,-1111,-1120,
29841,G0280.100,1084,Ramses IV. Usermaatre-Setepenamun,20. Dynastie,-1156,-1077,-1116.5,
17960,G0280.050,1083,Psusennes I. Aacheperre-Setepenamun,Psusennes I. Aacheperre-Setepenamun,-1051,-1006,-1028.5,
17965,G0280.050,1083,Psusennes I. Aacheperre-Setepenamun,Psusennes I. Aacheperre-Setepenamun,-1051,-1006,-1028.5,
10748,G0280.100,1084,Psusennes I. Aacheperre-Setepenamun,Psusennes I. Aacheperre-Setepenamun,-1051,-1006,-1028.5,
10824,G0280.100,1084,Psusennes I. Aacheperre-Setepenamun,Psusennes I. Aacheperre-Setepenamun,-1051,-1006,-1028.5,
17943,G0280.050,1083,21. Dynastie,21. Dynastie,-1069,-943,-1006,
17945,G0280.050,1083,21. Dynastie,21. Dynastie,-1069,-943,-1006,
17947,G0280.050,1083,21. Dynastie,21. Dynastie,-1069,-943,-1006,
17950,G0280.050,1083,21. Dynastie,21. Dynastie,-1069,-943,-1006,
17952,G0280.050,1083,21. Dynastie,21. Dynastie,-1069,-943,-1006,
17954,G0280.050,1083,21. Dynastie,21. Dynastie,-1069,-943,-1006,
17955,G0280.050,1083,21. Dynastie,21. Dynastie,-1069,-943,-1006,
17956,G0280.050,1083,21. Dynastie,21. Dynastie,-1069,-943,-1006,
17957,G0280.050,1083,21. Dynastie,21. Dynastie,-1069,-943,-1006,
17946,G0280.025,1228,21. Dynastie,21. Dynastie,-1069,-943,-1006,
17962,G0280.025,1228,21. Dynastie,21. Dynastie,-1069,-943,-1006,
17963,G0280.025,1228,21. Dynastie,21. Dynastie,-1069,-943,-1006,
17964,G0280.025,1228,21. Dynastie,21. Dynastie,-1069,-943,-1006,
41819,G0280.050,1083,Siamun Netjerycheperre-Setepenamun,Siamun Netjerycheperre-Setepenamun,-986,-968,-977,
17961,G0280.050,1083,Psusennes II. Titcheperure,Psusennes II. Titcheperure,-967,-944,-955.5,
17968,G0280.025,1228,Psusennes II. Titcheperure,Psusennes II. Titcheperure,-967,-944,-955.5,
9667,G0280.050,1083,22.23. Dynastie,22.23. Dynastie,-943,-728,-835.5,
9668,G0280.050,1083,22.23. Dynastie,22.23. Dynastie,-943,-728,-835.5,
9686,G0280.050,1083,22.23. Dynastie,22.23. Dynastie,-943,-728,-835.5,
9687,G0280.050,1083,22.23. Dynastie,22.23. Dynastie,-943,-728,-835.5,
9684,G0280.100,1084,22.23. Dynastie,22.23. Dynastie,-943,-728,-835.5,
9685,G0280.100,1084,22.23. Dynastie,22.23. Dynastie,-943,-728,-835.5,
9693,G0280.100,1084,22.23. Dynastie,22.23. Dynastie,-943,-728,-835.5,
9694,G0280.100,1084,22.23. Dynastie,22.23. Dynastie,-943,-728,-835.5,
9718,G0280.100,1084,Apries Haaibre,Apries Haaibre,-589,-570,-579.5,
9719,G0280.100,1084,Apries Haaibre,Apries Haaibre,-589,-570,-579.5,
9735,G0280.100,1084,Dareios I. Setutre,Dareios I. Setutre,-521,-486,-503.5,
9736,G0280.100,1084,Dareios I. Setutre,Dareios I. Setutre,-521,-486,-503.5,
9917,G0280.100,1084,Alexander IV.,Alexander IV.,-317,-310,-313.5,
9918,G0280.100,1084,Alexander IV.,Alexander IV.,-317,-310,-313.5,
9919,G0280.100,1084,Alexander IV.,Alexander IV.,-317,-310,-313.5,
9760,G0280.100,1084,Argeaden (Makedonierzeit),Ptolemerzeit,-332,-30,-181,
9761,G0280.100,1084,Argeaden (Makedonierzeit),Ptolemerzeit,-332,-30,-181,
16441,G0280.100,1084,Alexander der Groe,Ptolemerzeit,-332,-30,-181,
16686,G0280.100,1084,Alexander der Groe,Ptolemerzeit,-332,-30,-181,
16820,G0280.100,1084,Alexander der Groe,Ptolemerzeit,-332,-30,-181,
49782,G0280.100,1084,Ptolemaios VI. Philometor,Ptolemaios IX. Soter II. (1. Regierungszeit in gypten),-180,-107,-143.5,
49783,G0280.100,1084,Ptolemaios VI. Philometor,Ptolemaios IX. Soter II. (1. Regierungszeit in gypten),-180,-107,-143.5,
9985,G0280.100,1084,Augustus,Augustus,-27,14,-6.5,
9986,G0280.100,1084,Augustus,Augustus,-27,14,-6.5,
10677,G0280.100,1084,Augustus,Augustus,-27,14,-6.5,
10678,G0280.100,1084,Augustus,Augustus,-27,14,-6.5,
10679,G0280.100,1084,Augustus,Augustus,-27,14,-6.5,
10717,G0280.100,1084,Ptolemaios XIV.,Claudius,-47,54,3.5,
10718,G0280.100,1084,Ptolemaios XIV.,Claudius,-47,54,3.5,
10020,G0280.100,1084,Nero,Nero,54,68,61,
10021,G0280.100,1084,Nero,Nero,54,68,61,
10630,G0280.100,1084,Hadrian,Hadrian,117,138,127.5,
10631,G0280.100,1084,Hadrian,Hadrian,117,138,127.5,
10632,G0280.100,1084,Hadrian,Hadrian,117,138,127.5,
10078,G0280.100,1084,Trajan,Antoninus Pius,98,161,129.5,
10079,G0280.100,1084,Trajan,Antoninus Pius,98,161,129.5,